name,price,score,rating_word,review_count,Cleanliness,Facilities,Location,Service,Value for money,address,url
Centurion Hotel Ueno,"฿5,025",7.7,Very good,"8,503",7.8,7.3,8.5,8.2,7.6,"2-3-4 Taito-ku, Ueno, Tokyo, Japan, 110-0005",https://www.agoda.com/centurion-hotel-ueno/hotel/tokyo-jp.html?countryId=3&finalPriceView=1&isShowMobileAppPrice=false&cid=1919571&numberOfBedrooms=&familyMode=false&adults=2&children=0&rooms=1&maxRooms=0&checkIn=2025-12-10&isCalendarCallout=false&childAges=&numberOfGuest=0&missingChildAges=false&travellerType=1&showReviewSubmissionEntry=false&currencyCode=THB&isFreeOccSearch=false&flightSearchCriteria=[object Object]&tspTypes=9&los=10&searchrequestid=105164b7-061d-4f25-a288-5ca941fdebed
APA Hotel ＆ Resort Nishishinjuku Gochome Ekimae Tower,"฿3,672",8.4,Excellent,"15,547",8.8,8.6,8.6,8.6,8.5,"3-14-1 Honmachi, Shibuya, Shinjuku, Tokyo, Japan, 151-0071",https://www.agoda.com/apa-hotel-resort-nishishinjuku-gochome-eki-tower/hotel/tokyo-jp.html?countryId=3&finalPriceView=1&isShowMobileAppPrice=false&cid=1919571&numberOfBedrooms=&familyMode=false&adults=2&children=0&rooms=1&maxRooms=0&checkIn=2025-12-10&isCalendarCallout=false&childAges=&numberOfGuest=0&missingChildAges=false&travellerType=1&showReviewSubmissionEntry=false&currencyCode=THB&isFreeOccSearch=false&flightSearchCriteria=[object Object]&tspTypes=8&los=10&searchrequestid=34b111cb-3d27-4ac7-9142-e67c307de22f
Shinjuku Kuyakusho-mae Capsule Hotel,"฿1,628",7.4,Very good,"17,225",7.2,7.2,8.4,7.8,7.7,"Toyo Building 3F 1-2-5 Kabukicho, Shinjuku, Tokyo, Japan, 160-0021","https://www.agoda.com/shinjuku-kuyakusho-mae-capsule-hotel/hotel/tokyo-jp.html?countryId=3&finalPriceView=1&isShowMobileAppPrice=false&cid=1919571&numberOfBedrooms=&familyMode=false&adults=2&children=0&rooms=1&maxRooms=0&checkIn=2025-12-10&isCalendarCallout=false&childAges=&numberOfGuest=0&missingChildAges=false&travellerType=1&showReviewSubmissionEntry=false&currencyCode=THB&isFreeOccSearch=false&flightSearchCriteria=[object Object]&tspTypes=9,8&los=10&searchrequestid=34b111cb-3d27-4ac7-9142-e67c307de22f"
APA Hotel Ningyocho Eki Kita,"฿3,051",8.1,Excellent,"5,962",8.3,7.9,8.2,8.4,8.1,"2-9-4 Nihonbashihoridome, Chuo, Tokyo Station, Tokyo, Japan, 103-0012",https://www.agoda.com/apa-hotel-ningyocho-eki-kita/hotel/tokyo-jp.html?countryId=3&finalPriceView=1&isShowMobileAppPrice=false&cid=1919571&numberOfBedrooms=&familyMode=false&adults=2&children=0&rooms=1&maxRooms=0&checkIn=2025-12-10&isCalendarCallout=false&childAges=&numberOfGuest=0&missingChildAges=false&travellerType=1&showReviewSubmissionEntry=false&currencyCode=THB&isFreeOccSearch=false&flightSearchCriteria=[object Object]&los=10&searchrequestid=105164b7-061d-4f25-a288-5ca941fdebed
APA Hotel Shibuya-Dogenzaka-Ue,"฿5,414",7.9,Very good,"5,413",8.2,7.6,8.2,8.3,7.7,"20-1, Maruyamacho, , Shibuya, Tokyo, Japan, 150-0044",https://www.agoda.com/apa-hotel-shibuya-dogenzaka-ue/hotel/tokyo-jp.html?countryId=3&finalPriceView=1&isShowMobileAppPrice=false&cid=1919571&numberOfBedrooms=&familyMode=false&adults=2&children=0&rooms=1&maxRooms=0&checkIn=2025-12-10&isCalendarCallout=false&childAges=&numberOfGuest=0&missingChildAges=false&travellerType=1&showReviewSubmissionEntry=false&currencyCode=THB&isFreeOccSearch=false&flightSearchCriteria=[object Object]&los=10&searchrequestid=34b111cb-3d27-4ac7-9142-e67c307de22f
Candeo Hotels Tokyo Roppongi,"฿5,729",8.6,Excellent,"6,538",8.9,8.6,9.2,8.9,8.4,"6-7-11 Roppongi, Minato-ku, Roppongi, Tokyo, Japan, 106-0032",https://www.agoda.com/candeo-hotels-tokyo-roppongi/hotel/tokyo-jp.html?countryId=3&finalPriceView=1&isShowMobileAppPrice=false&cid=1919571&numberOfBedrooms=&familyMode=false&adults=2&children=0&rooms=1&maxRooms=0&checkIn=2025-12-10&isCalendarCallout=false&childAges=&numberOfGuest=0&missingChildAges=false&travellerType=1&showReviewSubmissionEntry=false&currencyCode=THB&isFreeOccSearch=false&flightSearchCriteria=[object Object]&los=10&searchrequestid=34b111cb-3d27-4ac7-9142-e67c307de22f
Hotel Wing International Select Ikebukuro,"฿2,593",8.5,Excellent,"7,245",8.9,8.6,8.1,9,8.7,"3-7-1 HIgashi Ikebukuro, Toshima-ku, Toshima, Tokyo, Japan, 170-0013",https://www.agoda.com/hotel-wing-international-select-ikebukuro/hotel/tokyo-jp.html?countryId=3&finalPriceView=1&isShowMobileAppPrice=false&cid=1919571&numberOfBedrooms=&familyMode=false&adults=2&children=0&rooms=1&maxRooms=0&checkIn=2025-12-10&isCalendarCallout=false&childAges=&numberOfGuest=0&missingChildAges=false&travellerType=1&showReviewSubmissionEntry=false&currencyCode=THB&isFreeOccSearch=false&flightSearchCriteria=[object Object]&los=10&searchrequestid=34b111cb-3d27-4ac7-9142-e67c307de22f
APA Hotel Higashi Shinjuku Kabukicho Tower,"฿3,627",8.4,Excellent,"7,524",8.9,8.5,8.4,8.6,8.5,"2-31-12 Kabukicho, Shinjuku-ku, Shinjuku, Tokyo, Japan, 160-0021",https://www.agoda.com/h14498508/hotel/tokyo-jp.html?countryId=3&finalPriceView=1&isShowMobileAppPrice=false&cid=1919571&numberOfBedrooms=&familyMode=false&adults=2&children=0&rooms=1&maxRooms=0&checkIn=2025-12-10&isCalendarCallout=false&childAges=&numberOfGuest=0&missingChildAges=false&travellerType=1&showReviewSubmissionEntry=false&currencyCode=THB&isFreeOccSearch=false&flightSearchCriteria=[object Object]&tspTypes=9&los=10&searchrequestid=34b111cb-3d27-4ac7-9142-e67c307de22f
Sotetsu Fresa Inn Ginza - Nanachome,"฿16,064",8.6,Excellent,"10,717",8.9,8.6,9.1,9.1,8.7,"7-11-12 Ginza, Chuo-ku, Ginza, Tokyo, Japan, 104-0061",https://www.agoda.com/sotetsu-fresa-inn-ginza-nanachome/hotel/tokyo-jp.html?countryId=3&finalPriceView=1&isShowMobileAppPrice=false&cid=1919571&numberOfBedrooms=&familyMode=false&adults=2&children=0&rooms=1&maxRooms=0&checkIn=2025-12-10&isCalendarCallout=false&childAges=&numberOfGuest=0&missingChildAges=false&travellerType=1&showReviewSubmissionEntry=false&currencyCode=THB&isFreeOccSearch=false&flightSearchCriteria=[object Object]&los=10&searchrequestid=06a2b4d4-bc16-445a-8518-067fb414f68d
APA Hotel Nihombashi Bakurocho-Ekimae,"฿3,263",8.6,Excellent,"7,622",9.1,8.5,8.6,8.9,8.7,"1-6-6 Nihombashi bakurocho, Chuo-ku, Tokyo Station, Tokyo, Japan, 103-0002",https://www.agoda.com/apa-hotel-nihombashi-bakurocho-ekimae/hotel/tokyo-jp.html?countryId=3&finalPriceView=1&isShowMobileAppPrice=false&cid=1919571&numberOfBedrooms=&familyMode=false&adults=2&children=0&rooms=1&maxRooms=0&checkIn=2025-12-10&isCalendarCallout=false&childAges=&numberOfGuest=0&missingChildAges=false&travellerType=1&showReviewSubmissionEntry=false&currencyCode=THB&isFreeOccSearch=false&flightSearchCriteria=[object Object]&los=10&searchrequestid=34b111cb-3d27-4ac7-9142-e67c307de22f
APA HOTEL〈KAYABACHO HATCHOBORI EKIMAE〉,"฿3,282",8.6,Excellent,"1,004",9.1,8.7,8.8,9.1,8.8,"3-8-5, Nihonbashi Kayamacho, Ginza, Tokyo, Japan, 103-0025",https://www.agoda.com/apa-hotel-kayabacho-hatchobori-ekimae/hotel/tokyo-jp.html?countryId=3&finalPriceView=1&isShowMobileAppPrice=false&cid=1919571&numberOfBedrooms=&familyMode=false&adults=2&children=0&rooms=1&maxRooms=0&checkIn=2025-12-10&isCalendarCallout=false&childAges=&numberOfGuest=0&missingChildAges=false&travellerType=1&showReviewSubmissionEntry=false&currencyCode=THB&isFreeOccSearch=false&flightSearchCriteria=[object Object]&los=10&searchrequestid=34b111cb-3d27-4ac7-9142-e67c307de22f
THE KANZASHI TOKYO ASAKUSA,"฿3,527",8.8,Excellent,"11,399",9.3,8.8,8.5,9.1,8.9,"Asakusa2-27-10, Asakusa, Tokyo, Japan, 111-0032",https://www.agoda.com/the-kanzashi-tokyo-asakusa/hotel/tokyo-jp.html?countryId=3&finalPriceView=1&isShowMobileAppPrice=false&cid=1919571&numberOfBedrooms=&familyMode=false&adults=2&children=0&rooms=1&maxRooms=0&checkIn=2025-12-10&isCalendarCallout=false&childAges=&numberOfGuest=0&missingChildAges=false&travellerType=1&showReviewSubmissionEntry=false&currencyCode=THB&isFreeOccSearch=false&flightSearchCriteria=[object Object]&tspTypes=1&los=10&searchrequestid=105164b7-061d-4f25-a288-5ca941fdebed
Smile Hotel Shinagawa Sengakuji Ekimae,"฿3,067",8.6,Excellent,"4,818",9.1,8.5,8.5,9.1,8.8,"Mita, Shinagawa, Tokyo, Japan, 108-0073",https://www.agoda.com/h35137718/hotel/tokyo-jp.html?countryId=3&finalPriceView=1&isShowMobileAppPrice=false&cid=1919571&numberOfBedrooms=&familyMode=false&adults=2&children=0&rooms=1&maxRooms=0&checkIn=2025-12-10&isCalendarCallout=false&childAges=&numberOfGuest=0&missingChildAges=false&travellerType=1&showReviewSubmissionEntry=false&currencyCode=THB&isFreeOccSearch=false&flightSearchCriteria=[object Object]&tspTypes=9&los=10&searchrequestid=105164b7-061d-4f25-a288-5ca941fdebed
Ikebukuro Central Hotel,"฿2,499",5.7,Review score,"1,566",5.6,4.7,5.8,5.7,5.1,"1-chōme-42-19 Higashiikebukuro, Toshima City, Toshima, Tokyo, Japan, 170-0013",https://www.agoda.com/ikebukuro-central-hotel/hotel/default-city-km.html?countryId=3&finalPriceView=1&isShowMobileAppPrice=false&cid=1919571&numberOfBedrooms=&familyMode=false&adults=2&children=0&rooms=1&maxRooms=0&checkIn=2025-12-10&isCalendarCallout=false&childAges=&numberOfGuest=0&missingChildAges=false&travellerType=1&showReviewSubmissionEntry=false&currencyCode=THB&isFreeOccSearch=false&flightSearchCriteria=[object Object]&los=10&searchrequestid=105164b7-061d-4f25-a288-5ca941fdebed
APA HOTEL Shinjuku Kabukicho Chuo,"฿3,759",8.2,Excellent,"6,285",8.5,7.8,8.8,8.4,8.3,"Kabukichou-2-26-5, Shinjuku, Tokyo, Japan, 160 0021",https://www.agoda.com/apa-hotel-shinjuku-kabukicho-chuo/hotel/tokyo-jp.html?countryId=3&finalPriceView=1&isShowMobileAppPrice=false&cid=1919571&numberOfBedrooms=&familyMode=false&adults=2&children=0&rooms=1&maxRooms=0&checkIn=2025-12-10&isCalendarCallout=false&childAges=&numberOfGuest=0&missingChildAges=false&travellerType=1&showReviewSubmissionEntry=false&currencyCode=THB&isFreeOccSearch=false&flightSearchCriteria=[object Object]&tspTypes=9&los=10&searchrequestid=34b111cb-3d27-4ac7-9142-e67c307de22f
Hotel LIVEMAX Ryogoku,"฿2,153",8.1,Excellent,129,9,7.9,7.5,8.3,8.3,"1-28-1 Ishiwara, Sumida-ku, Ryōgoku, Tokyo, Japan, 130-0011",https://www.agoda.com/hotel-livemax-ryogoku/hotel/tokyo-jp.html?countryId=3&finalPriceView=1&isShowMobileAppPrice=false&cid=1919571&numberOfBedrooms=&familyMode=false&adults=2&children=0&rooms=1&maxRooms=0&checkIn=2025-12-10&isCalendarCallout=false&childAges=&numberOfGuest=0&missingChildAges=false&travellerType=1&showReviewSubmissionEntry=false&currencyCode=THB&isFreeOccSearch=false&flightSearchCriteria=[object Object]&tspTypes=3&los=10&searchrequestid=105164b7-061d-4f25-a288-5ca941fdebed
Oak Hotel Edo,"฿2,407",8.7,Excellent,"5,768",9,8.5,9.1,9.2,8.9,"2-17-7 Morishita, Koto-Ku, Tokyo 135-0004, Koto, Tokyo, Japan, 135-0004",https://www.agoda.com/oak-hotel-edo/hotel/tokyo-jp.html?countryId=3&finalPriceView=1&isShowMobileAppPrice=false&cid=1919571&numberOfBedrooms=&familyMode=false&adults=2&children=0&rooms=1&maxRooms=0&checkIn=2025-12-10&isCalendarCallout=false&childAges=&numberOfGuest=0&missingChildAges=false&travellerType=1&showReviewSubmissionEntry=false&currencyCode=THB&isFreeOccSearch=false&flightSearchCriteria=[object Object]&tspTypes=1&los=10&searchrequestid=13bbc6be-bec4-4250-997b-f5302af5b155
Shinjuku Granbell Hotel,"฿23,605",8.0,Excellent,"15,729",8.7,8,7.9,8.5,8.1,"2-14-5 Kabuki Cho, Shinjuku, Tokyo, Japan, 160-0021",https://www.agoda.com/shinjuku-granbell-hotel/hotel/tokyo-jp.html?countryId=3&finalPriceView=1&isShowMobileAppPrice=false&cid=1919571&numberOfBedrooms=&familyMode=false&adults=2&children=0&rooms=1&maxRooms=0&checkIn=2025-12-10&isCalendarCallout=false&childAges=&numberOfGuest=0&missingChildAges=false&travellerType=1&showReviewSubmissionEntry=false&currencyCode=THB&isFreeOccSearch=false&flightSearchCriteria=[object Object]&los=10&searchrequestid=34b111cb-3d27-4ac7-9142-e67c307de22f
Hotel Villa Fontaine Tokyo-Kayabacho,"฿3,301",8.3,Excellent,"9,319",8.6,8.1,8.3,8.7,8.4,"1-8-2 Shinkawa, Chuo-ku, Tokyo Station, Tokyo, Japan, 104-0033",https://www.agoda.com/hotel-villa-fontaine-tokyo-kayabacho/hotel/tokyo-jp.html?countryId=3&finalPriceView=1&isShowMobileAppPrice=false&cid=1919571&numberOfBedrooms=&familyMode=false&adults=2&children=0&rooms=1&maxRooms=0&checkIn=2025-12-10&isCalendarCallout=false&childAges=&numberOfGuest=0&missingChildAges=false&travellerType=1&showReviewSubmissionEntry=false&currencyCode=THB&isFreeOccSearch=false&flightSearchCriteria=[object Object]&tspTypes=9&los=10&searchrequestid=105164b7-061d-4f25-a288-5ca941fdebed
Hotel Villa Fontaine Tokyo-Hatchobori,"฿5,119",8.4,Excellent,"7,635",8.8,8.2,8.3,8.8,8.5,"3-3-3 Nihonbashi-Kayabacho, Cjuo-ku, Tokyo Station, Tokyo, Japan, 103-0025",https://www.agoda.com/hotel-villa-fontaine-tokyo-hatchobori/hotel/tokyo-jp.html?countryId=3&finalPriceView=1&isShowMobileAppPrice=false&cid=1919571&numberOfBedrooms=&familyMode=false&adults=2&children=0&rooms=1&maxRooms=0&checkIn=2025-12-10&isCalendarCallout=false&childAges=&numberOfGuest=0&missingChildAges=false&travellerType=1&showReviewSubmissionEntry=false&currencyCode=THB&isFreeOccSearch=false&flightSearchCriteria=[object Object]&los=10&searchrequestid=06a2b4d4-bc16-445a-8518-067fb414f68d
APA Hotel Hatchobori-Eki-Minami,"฿3,434",8.0,Excellent,"3,136",8.3,7.7,8.1,8.3,7.9,"1-14-7, Shintomi, Chuo-ku, Ginza, Tokyo, Japan, 104-0041",https://www.agoda.com/apa-hotel-hatchobori-eki-minami/hotel/tokyo-jp.html?countryId=3&finalPriceView=1&isShowMobileAppPrice=false&cid=1919571&numberOfBedrooms=&familyMode=false&adults=2&children=0&rooms=1&maxRooms=0&checkIn=2025-12-10&isCalendarCallout=false&childAges=&numberOfGuest=0&missingChildAges=false&travellerType=1&showReviewSubmissionEntry=false&currencyCode=THB&isFreeOccSearch=false&flightSearchCriteria=[object Object]&los=10&searchrequestid=105164b7-061d-4f25-a288-5ca941fdebed
ELM Takadanobaba,"฿1,388",6.8,Good,"1,185",6.9,6.7,7.6,6.4,7.4,"高田馬場3-18-3 Elm落合, Shinjuku, Tokyo, Japan, 169-0075",https://www.agoda.com/elm-takadanobaba/hotel/all/tokyo-jp.html?countryId=3&finalPriceView=1&isShowMobileAppPrice=false&cid=1919571&numberOfBedrooms=&familyMode=false&adults=2&children=0&rooms=1&maxRooms=0&checkIn=2025-12-10&isCalendarCallout=false&childAges=&numberOfGuest=0&missingChildAges=false&travellerType=1&showReviewSubmissionEntry=false&currencyCode=THB&isFreeOccSearch=false&flightSearchCriteria=[object Object]&tspTypes=3&los=10&searchrequestid=34b111cb-3d27-4ac7-9142-e67c307de22f
Nesthotel Tokyo Yaesu,"฿4,134",8.3,Excellent,"2,612",8.9,8.2,8.1,8.7,8.3,"18-3,Nhihonbashi kabuto-cho,Cyuou-ku,Tokyo, Tokyo Station, Tokyo, Japan, 103-0026","https://www.agoda.com/nesthotel-tokyo-yaesu-h55768701/hotel/tokyo-jp.html?countryId=3&finalPriceView=1&isShowMobileAppPrice=false&cid=1919571&numberOfBedrooms=&familyMode=false&adults=2&children=0&rooms=1&maxRooms=0&checkIn=2025-12-10&isCalendarCallout=false&childAges=&numberOfGuest=0&missingChildAges=false&travellerType=1&showReviewSubmissionEntry=false&currencyCode=THB&isFreeOccSearch=false&flightSearchCriteria=[object Object]&tspTypes=15,5&los=10&searchrequestid=34b111cb-3d27-4ac7-9142-e67c307de22f"
HOTEL MYSTAYS Asakusa,"฿2,278",7.7,Very good,"5,742",7.6,7.6,7.4,8.4,8,"1-21-11 Honjo, Sumida-ku, Asakusa, Tokyo, Japan, 130-0004",https://www.agoda.com/hotel-mystays-asakusa/hotel/tokyo-jp.html?countryId=3&finalPriceView=1&isShowMobileAppPrice=false&cid=1919571&numberOfBedrooms=&familyMode=false&adults=2&children=0&rooms=1&maxRooms=0&checkIn=2025-12-10&isCalendarCallout=false&childAges=&numberOfGuest=0&missingChildAges=false&travellerType=1&showReviewSubmissionEntry=false&currencyCode=THB&isFreeOccSearch=false&flightSearchCriteria=[object Object]&los=10&searchrequestid=34b111cb-3d27-4ac7-9142-e67c307de22f
KOKO HOTEL Tsukiji Ginza,"฿5,788",8.4,Excellent,"9,208",8.9,8.2,8.3,8.5,8.5,"6-8-8 Tsukiji, Ginza, Tokyo, Japan, 104-0045",https://www.agoda.com/koko-hotel-tsukiji-ginza/hotel/tokyo-jp.html?countryId=3&finalPriceView=1&isShowMobileAppPrice=false&cid=1919571&numberOfBedrooms=&familyMode=false&adults=2&children=0&rooms=1&maxRooms=0&checkIn=2025-12-10&isCalendarCallout=false&childAges=&numberOfGuest=0&missingChildAges=false&travellerType=1&showReviewSubmissionEntry=false&currencyCode=THB&isFreeOccSearch=false&flightSearchCriteria=[object Object]&los=10&searchrequestid=105164b7-061d-4f25-a288-5ca941fdebed
APA Hotel Nihombashi Bakuroyokoyama Ekimae,"฿2,957",8.7,Excellent,"10,085",9,8.6,8.8,8.9,8.8,"5-6 Yokoyamacho, Nihonbashi, Chuo-ku, Tokyo Station, Tokyo, Japan, 103-0003",https://www.agoda.com/apa-hotel-nihombashi-bakuroyokoyama-ekimae/hotel/tokyo-jp.html?countryId=3&finalPriceView=1&isShowMobileAppPrice=false&cid=1919571&numberOfBedrooms=&familyMode=false&adults=2&children=0&rooms=1&maxRooms=0&checkIn=2025-12-10&isCalendarCallout=false&childAges=&numberOfGuest=0&missingChildAges=false&travellerType=1&showReviewSubmissionEntry=false&currencyCode=THB&isFreeOccSearch=false&flightSearchCriteria=[object Object]&tspTypes=2&los=10&searchrequestid=34b111cb-3d27-4ac7-9142-e67c307de22f
LANDABOUT TOKYO,Sold Out/Check Dates,8.9,Excellent,"17,093",9.2,8.8,8.8,9.4,9,"Negishi 3-4-5, Ueno, Tokyo, Japan, 110-0003",https://www.agoda.com/landabout-tokyo/hotel/tokyo-jp.html?countryId=3&finalPriceView=1&isShowMobileAppPrice=false&cid=1919571&numberOfBedrooms=&familyMode=false&adults=2&children=0&rooms=1&maxRooms=0&checkIn=2025-12-10&isCalendarCallout=false&childAges=&numberOfGuest=0&missingChildAges=false&travellerType=1&showReviewSubmissionEntry=false&currencyCode=THB&isFreeOccSearch=false&flightSearchCriteria=[object Object]&los=10&searchrequestid=34b111cb-3d27-4ac7-9142-e67c307de22f
APA Hotel TKP Tokyo Nishikasai,"฿2,972",8.3,Excellent,"2,422",8.6,8.3,8.5,8.7,8.5,"6-15-24 Nishi-Kasai, Edogawa, Edogawa, Tokyo, Japan, 134-0088",https://www.agoda.com/apa-hotel-tkp-tokyo-nishikasai/hotel/tokyo-jp.html?countryId=3&finalPriceView=1&isShowMobileAppPrice=false&cid=1919571&numberOfBedrooms=&familyMode=false&adults=2&children=0&rooms=1&maxRooms=0&checkIn=2025-12-10&isCalendarCallout=false&childAges=&numberOfGuest=0&missingChildAges=false&travellerType=1&showReviewSubmissionEntry=false&currencyCode=THB&isFreeOccSearch=false&flightSearchCriteria=[object Object]&tspTypes=9&los=10&searchrequestid=06a2b4d4-bc16-445a-8518-067fb414f68d
Mitsui Garden Hotel Ginza Tsukiji,"฿8,867",9.1,Exceptional,"1,419",9.5,9.1,9.1,9.3,8.9,"4-7-1 Tsukiji Chuoku , Ginza, Tokyo, Japan, 104-0045",https://www.agoda.com/tsukiji-yonchome-hotel-tentative-name/hotel/tokyo-jp.html?countryId=3&finalPriceView=1&isShowMobileAppPrice=false&cid=1919571&numberOfBedrooms=&familyMode=false&adults=2&children=0&rooms=1&maxRooms=0&checkIn=2025-12-10&isCalendarCallout=false&childAges=&numberOfGuest=0&missingChildAges=false&travellerType=1&showReviewSubmissionEntry=false&currencyCode=THB&isFreeOccSearch=false&flightSearchCriteria=[object Object]&los=10&searchrequestid=34b111cb-3d27-4ac7-9142-e67c307de22f
VESSEL INN TAKADANOBABA STATION,"฿5,071",9.2,Exceptional,"7,262",9.4,9.1,9.6,9.4,9.2,"2-17-4Takadanobaba, Shinjuku. Tokyo, Shinjuku, Tokyo, Japan, 169-0075",https://www.agoda.com/h35723368/hotel/tokyo-jp.html?countryId=3&finalPriceView=1&isShowMobileAppPrice=false&cid=1919571&numberOfBedrooms=&familyMode=false&adults=2&children=0&rooms=1&maxRooms=0&checkIn=2025-12-10&isCalendarCallout=false&childAges=&numberOfGuest=0&missingChildAges=false&travellerType=1&showReviewSubmissionEntry=false&currencyCode=THB&isFreeOccSearch=false&flightSearchCriteria=[object Object]&los=10&searchrequestid=06a2b4d4-bc16-445a-8518-067fb414f68d
"HOTEL GROOVE SHINJUKU, A PARKROYAL Hotel","฿10,105",9.0,Exceptional,"4,815",10,10,10,10,10,"Kabukichō, Shinjuku-Ku, Kabuki-Cho1-29-1, TOKYU KABUKICHO TOWER, Shinjuku, Tokyo, Japan, 160-0021",https://www.agoda.com/hotel-groove-shinjuku-a-parkroyal-hotel/hotel/tokyo-jp.html?countryId=3&finalPriceView=1&isShowMobileAppPrice=false&cid=1919571&numberOfBedrooms=&familyMode=false&adults=2&children=0&rooms=1&maxRooms=0&checkIn=2025-12-10&isCalendarCallout=false&childAges=&numberOfGuest=0&missingChildAges=false&travellerType=1&showReviewSubmissionEntry=false&currencyCode=THB&isFreeOccSearch=false&flightSearchCriteria=[object Object]&los=10&searchrequestid=34b111cb-3d27-4ac7-9142-e67c307de22f
Centurion Hotel & Spa Ueno Station -Artificial Radium Hot Spring,"฿4,840",8.4,Excellent,"5,506",8.3,8.2,9.3,8.6,8.1,"6-8-16, Ueno, Taito-ku, Ueno, Tokyo, Japan, 110-0005",https://www.agoda.com/centurion-hotel-spa-ueno-station-artificial-radium-hot-spring/hotel/tokyo-jp.html?countryId=3&finalPriceView=1&isShowMobileAppPrice=false&cid=1919571&numberOfBedrooms=&familyMode=false&adults=2&children=0&rooms=1&maxRooms=0&checkIn=2025-12-10&isCalendarCallout=false&childAges=&numberOfGuest=0&missingChildAges=false&travellerType=1&showReviewSubmissionEntry=false&currencyCode=THB&isFreeOccSearch=false&flightSearchCriteria=[object Object]&los=10&searchrequestid=bf63bf3c-e269-4caf-b2ed-f65196feddeb
Hotel Metropolitan Tokyo Ikebukuro,"฿7,900",8.7,Excellent,"27,006",8.9,8.5,9.3,8.9,8.5,"1-6-1,Nishi-Ikebukuro Toshimaku, Toshima, Tokyo, Japan, 171-8505",https://www.agoda.com/hotel-metropolitan-tokyo-ikebukuro/hotel/tokyo-jp.html?countryId=3&finalPriceView=1&isShowMobileAppPrice=false&cid=1919571&numberOfBedrooms=&familyMode=false&adults=2&children=0&rooms=1&maxRooms=0&checkIn=2025-12-10&isCalendarCallout=false&childAges=&numberOfGuest=0&missingChildAges=false&travellerType=1&showReviewSubmissionEntry=false&currencyCode=THB&isFreeOccSearch=false&flightSearchCriteria=[object Object]&los=10&searchrequestid=34b111cb-3d27-4ac7-9142-e67c307de22f
Hotel Villa Fontaine Grand Tokyo-Shiodome,"฿6,897",8.7,Excellent,"18,355",9.1,8.5,8.8,9,8.6,"1-9-2 Higashi-Shinbashi, Minato-ku, Ginza, Tokyo, Japan, 105-0021",https://www.agoda.com/hotel-villa-fontaine-tokyo-shiodome/hotel/tokyo-jp.html?countryId=3&finalPriceView=1&isShowMobileAppPrice=false&cid=1919571&numberOfBedrooms=&familyMode=false&adults=2&children=0&rooms=1&maxRooms=0&checkIn=2025-12-10&isCalendarCallout=false&childAges=&numberOfGuest=0&missingChildAges=false&travellerType=1&showReviewSubmissionEntry=false&currencyCode=THB&isFreeOccSearch=false&flightSearchCriteria=[object Object]&tspTypes=8&los=10&searchrequestid=34b111cb-3d27-4ac7-9142-e67c307de22f
Sakura Hotel Nippori,"฿3,284",8.4,Excellent,"4,185",8.5,8.1,8.5,9.1,8.7,"3-43-15 Sendagi, Bunkyo-ku, Ueno, Tokyo, Japan, 113-0022",https://www.agoda.com/sakura-hotel-nippori/hotel/tokyo-jp.html?countryId=3&finalPriceView=1&isShowMobileAppPrice=false&cid=1919571&numberOfBedrooms=&familyMode=false&adults=2&children=0&rooms=1&maxRooms=0&checkIn=2025-12-10&isCalendarCallout=false&childAges=&numberOfGuest=0&missingChildAges=false&travellerType=1&showReviewSubmissionEntry=false&currencyCode=THB&isFreeOccSearch=false&flightSearchCriteria=[object Object]&los=10&searchrequestid=105164b7-061d-4f25-a288-5ca941fdebed
APA Hotel Ikebukuro-Eki-Kitaguchi,"฿3,533",7.8,Very good,"5,000",8.1,7.7,7.8,8.3,7.9,"2-48-7 Ikebukuro, Toshima-ku, Toshima, Tokyo, Japan, 171-0014",https://www.agoda.com/apa-hotel-ikebukuro-eki-kitaguchi/hotel/tokyo-jp.html?countryId=3&finalPriceView=1&isShowMobileAppPrice=false&cid=1919571&numberOfBedrooms=&familyMode=false&adults=2&children=0&rooms=1&maxRooms=0&checkIn=2025-12-10&isCalendarCallout=false&childAges=&numberOfGuest=0&missingChildAges=false&travellerType=1&showReviewSubmissionEntry=false&currencyCode=THB&isFreeOccSearch=false&flightSearchCriteria=[object Object]&los=10&searchrequestid=34b111cb-3d27-4ac7-9142-e67c307de22f
APA Hotel Pride Akasaka Kokkaigijidomae,"฿3,395",8.6,Excellent,"15,663",9,8.8,8.7,8.8,8.7,"2-10-2 Nagatacho, Chiyoda-ku, Akasaka, Tokyo, Japan, 100-0014",https://www.agoda.com/apa-hotel-pride-akasaka-kokkaigijidomae/hotel/tokyo-jp.html?countryId=3&finalPriceView=1&isShowMobileAppPrice=false&cid=1919571&numberOfBedrooms=&familyMode=false&adults=2&children=0&rooms=1&maxRooms=0&checkIn=2025-12-10&isCalendarCallout=false&childAges=&numberOfGuest=0&missingChildAges=false&travellerType=1&showReviewSubmissionEntry=false&currencyCode=THB&isFreeOccSearch=false&flightSearchCriteria=[object Object]&tspTypes=9&los=10&searchrequestid=34b111cb-3d27-4ac7-9142-e67c307de22f
Shinjuku Washington Hotel,Sold Out/Check Dates,8.1,Excellent,242,7.8,7.7,8.2,8.2,7.4,"Shinjuku-ku, Nishishinjuku 3-2-9, Shinjuku, Tokyo, Japan, 160-8336",https://www.agoda.com/shinjuku-washington-hotel_8/hotel/all/tokyo-jp.html?countryId=3&finalPriceView=1&isShowMobileAppPrice=false&cid=1919571&numberOfBedrooms=&familyMode=false&adults=2&children=0&rooms=1&maxRooms=0&checkIn=2025-12-10&isCalendarCallout=false&childAges=&numberOfGuest=0&missingChildAges=false&travellerType=1&showReviewSubmissionEntry=false&currencyCode=THB&isFreeOccSearch=false&flightSearchCriteria=[object Object]&los=10&searchrequestid=34b111cb-3d27-4ac7-9142-e67c307de22f
the b asakusa,"฿6,468",8.7,Excellent,"4,107",8.8,8.6,9,8.9,8.8,"3 Chome-16-12 Nishiasakusa, Taito City, Tokyo 111-0035, Asakusa, Tokyo, Japan",https://www.agoda.com/the-b-asakusa_3/hotel/tokyo-jp.html?countryId=3&finalPriceView=1&isShowMobileAppPrice=false&cid=1919571&numberOfBedrooms=&familyMode=false&adults=2&children=0&rooms=1&maxRooms=0&checkIn=2025-12-10&isCalendarCallout=false&childAges=&numberOfGuest=0&missingChildAges=false&travellerType=1&showReviewSubmissionEntry=false&currencyCode=THB&isFreeOccSearch=false&flightSearchCriteria=[object Object]&los=10&searchrequestid=06a2b4d4-bc16-445a-8518-067fb414f68d
APA Hotel Akihabara Ekihigashi,"฿3,542",8.7,Excellent,"4,091",9.1,8.5,8.8,9,8.7,"3-2 Kanda sakumacho, Chiyoda-ku, Akihabara, Tokyo, Japan, 101-0025",https://www.agoda.com/apa-hotel-akihabara-ekihigashi/hotel/tokyo-jp.html?countryId=3&finalPriceView=1&isShowMobileAppPrice=false&cid=1919571&numberOfBedrooms=&familyMode=false&adults=2&children=0&rooms=1&maxRooms=0&checkIn=2025-12-10&isCalendarCallout=false&childAges=&numberOfGuest=0&missingChildAges=false&travellerType=1&showReviewSubmissionEntry=false&currencyCode=THB&isFreeOccSearch=false&flightSearchCriteria=[object Object]&tspTypes=2&los=10&searchrequestid=105164b7-061d-4f25-a288-5ca941fdebed
APA Hotel Uenohirokoji,"฿3,242",8.7,Excellent,"6,002",9.1,8.6,9.1,9.2,8.9,"5-3-3 Sotokanda, Chiyoda-ku, Tokyo, Akihabara, Tokyo, Japan, 101-0021",https://www.agoda.com/apa-hotel-uenohirokoji/hotel/tokyo-jp.html?countryId=3&finalPriceView=1&isShowMobileAppPrice=false&cid=1919571&numberOfBedrooms=&familyMode=false&adults=2&children=0&rooms=1&maxRooms=0&checkIn=2025-12-10&isCalendarCallout=false&childAges=&numberOfGuest=0&missingChildAges=false&travellerType=1&showReviewSubmissionEntry=false&currencyCode=THB&isFreeOccSearch=false&flightSearchCriteria=[object Object]&tspTypes=1&los=10&searchrequestid=34b111cb-3d27-4ac7-9142-e67c307de22f
APA Hotel Yamanote Otsuka Ekimae Tower,"฿2,931",8.7,Excellent,"20,736",8.9,8.7,8.9,8.8,8.8,"3-31-10 Minamiotsuka, Toshima-ku, Toshima, Tokyo, Japan, 170-0005","https://www.agoda.com/apa-hotel-yamanote-otsukaeki-tower/hotel/tokyo-jp.html?countryId=3&finalPriceView=1&isShowMobileAppPrice=false&cid=1919571&numberOfBedrooms=&familyMode=false&adults=2&children=0&rooms=1&maxRooms=0&checkIn=2025-12-10&isCalendarCallout=false&childAges=&numberOfGuest=0&missingChildAges=false&travellerType=1&showReviewSubmissionEntry=false&currencyCode=THB&isFreeOccSearch=false&flightSearchCriteria=[object Object]&tspTypes=1,8&los=10&searchrequestid=34b111cb-3d27-4ac7-9142-e67c307de22f"
APA Hotel Higashi-Nihonbashi-Ekimae,"฿2,921",8.3,Excellent,"9,793",8.6,8.1,8.9,8.6,8.4,"3-12-14 Higashinihonbashi,Chuo-Ku, Tokyo Station, Tokyo, Japan, 103-0004","https://www.agoda.com/apa-hotel-higashi-nihonbashi-ekimae/hotel/tokyo-jp.html?countryId=3&finalPriceView=1&isShowMobileAppPrice=false&cid=1919571&numberOfBedrooms=&familyMode=false&adults=2&children=0&rooms=1&maxRooms=0&checkIn=2025-12-10&isCalendarCallout=false&childAges=&numberOfGuest=0&missingChildAges=false&travellerType=1&showReviewSubmissionEntry=false&currencyCode=THB&isFreeOccSearch=false&flightSearchCriteria=[object Object]&tspTypes=2,8&los=10&searchrequestid=34b111cb-3d27-4ac7-9142-e67c307de22f"
Sotetsu Grand Fresa Takadanobaba,"฿4,661",9.0,Exceptional,"11,505",9.5,9,9.6,9.3,9.1,"No. 7-27, 1-chome, Takadanobaba, Shinjuku City, Shinjuku, Tokyo, Japan, 169-0075",https://www.agoda.com/sotetsu-grand-fresa-takadanobaba/hotel/tokyo-jp.html?countryId=3&finalPriceView=1&isShowMobileAppPrice=false&cid=1919571&numberOfBedrooms=&familyMode=false&adults=2&children=0&rooms=1&maxRooms=0&checkIn=2025-12-10&isCalendarCallout=false&childAges=&numberOfGuest=0&missingChildAges=false&travellerType=1&showReviewSubmissionEntry=false&currencyCode=THB&isFreeOccSearch=false&flightSearchCriteria=[object Object]&los=10&searchrequestid=105164b7-061d-4f25-a288-5ca941fdebed
GINZA HOTEL by GRANBELL,"฿9,818",8.3,Excellent,"3,714",8.8,8.2,8.9,8.7,8.1,"chuoku ginza 7-2-18, Ginza, Tokyo, Japan, 104-0061",https://www.agoda.com/ginza-hotel-by-granbell/hotel/tokyo-jp.html?countryId=3&finalPriceView=1&isShowMobileAppPrice=false&cid=1919571&numberOfBedrooms=&familyMode=false&adults=2&children=0&rooms=1&maxRooms=0&checkIn=2025-12-10&isCalendarCallout=false&childAges=&numberOfGuest=0&missingChildAges=false&travellerType=1&showReviewSubmissionEntry=false&currencyCode=THB&isFreeOccSearch=false&flightSearchCriteria=[object Object]&los=10&searchrequestid=06a2b4d4-bc16-445a-8518-067fb414f68d
HOTEL MYSTAYS Higashi-Ikebukuro,"฿2,635",8.3,Excellent,"4,910",8.3,8.1,7.7,8.8,8.5,"4-39-13 Higashi Ikebukuro, Toshima-ku, Toshima, Tokyo, Japan, 170-0013",https://www.agoda.com/hotel-mystays-higashi-ikebukuro/hotel/tokyo-jp.html?countryId=3&finalPriceView=1&isShowMobileAppPrice=false&cid=1919571&numberOfBedrooms=&familyMode=false&adults=2&children=0&rooms=1&maxRooms=0&checkIn=2025-12-10&isCalendarCallout=false&childAges=&numberOfGuest=0&missingChildAges=false&travellerType=1&showReviewSubmissionEntry=false&currencyCode=THB&isFreeOccSearch=false&flightSearchCriteria=[object Object]&tspTypes=9&los=10&searchrequestid=105164b7-061d-4f25-a288-5ca941fdebed
APA Hotel Ginza Shintomicho Ekimae Kita,"฿3,691",8.4,Excellent,"3,879",9,8.3,8.3,8.9,8.6,"1-12-11 Shintomi,Chuo-ku, Ginza, Tokyo, Japan, 104-0041",https://www.agoda.com/apa-hotel-shintomicho-ekikita_2/hotel/tokyo-jp.html?countryId=3&finalPriceView=1&isShowMobileAppPrice=false&cid=1919571&numberOfBedrooms=&familyMode=false&adults=2&children=0&rooms=1&maxRooms=0&checkIn=2025-12-10&isCalendarCallout=false&childAges=&numberOfGuest=0&missingChildAges=false&travellerType=1&showReviewSubmissionEntry=false&currencyCode=THB&isFreeOccSearch=false&flightSearchCriteria=[object Object]&los=10&searchrequestid=34b111cb-3d27-4ac7-9142-e67c307de22f
Hotel Villa Fontaine Grand Tokyo-Roppongi,"฿15,871",8.5,Excellent,"5,011",8.8,8.2,8.6,8.8,8.4,"1-6-2 Roppongi, Minato-ku, Roppongi, Tokyo, Japan, 106-0032",https://www.agoda.com/hotel-villa-fontaine-grand-tokyo-roppongi/hotel/tokyo-jp.html?countryId=3&finalPriceView=1&isShowMobileAppPrice=false&cid=1919571&numberOfBedrooms=&familyMode=false&adults=2&children=0&rooms=1&maxRooms=0&checkIn=2025-12-10&isCalendarCallout=false&childAges=&numberOfGuest=0&missingChildAges=false&travellerType=1&showReviewSubmissionEntry=false&currencyCode=THB&isFreeOccSearch=false&flightSearchCriteria=[object Object]&los=10&searchrequestid=105164b7-061d-4f25-a288-5ca941fdebed
Hotel Gracery Shinjuku,"฿8,394",8.7,Excellent,"26,856",8.9,8.5,9.2,8.9,8.3,"1-19-1 Kabukicho, Shinjuku, Tokyo, Japan, 160-8466",https://www.agoda.com/hotel-gracery-shinjuku/hotel/tokyo-jp.html?countryId=3&finalPriceView=1&isShowMobileAppPrice=false&cid=1919571&numberOfBedrooms=&familyMode=false&adults=2&children=0&rooms=1&maxRooms=0&checkIn=2025-12-10&isCalendarCallout=false&childAges=&numberOfGuest=0&missingChildAges=false&travellerType=1&showReviewSubmissionEntry=false&currencyCode=THB&isFreeOccSearch=false&flightSearchCriteria=[object Object]&tspTypes=8&los=10&searchrequestid=34b111cb-3d27-4ac7-9142-e67c307de22f
Dormy Inn Premium Ginza Hot Springs,Sold Out/Check Dates,9.0,Exceptional,"6,791",9.4,9.4,9,9.3,9.1,"6-16-8 Ginza, Chuo-ku, Ginza, Tokyo, Japan, 104-0061",https://www.agoda.com/dormy-inn-premium-ginza-hot-springs/hotel/tokyo-jp.html?countryId=3&finalPriceView=1&isShowMobileAppPrice=false&cid=1919571&numberOfBedrooms=&familyMode=false&adults=2&children=0&rooms=1&maxRooms=0&checkIn=2025-12-10&isCalendarCallout=false&childAges=&numberOfGuest=0&missingChildAges=false&travellerType=1&showReviewSubmissionEntry=false&currencyCode=THB&isFreeOccSearch=false&flightSearchCriteria=[object Object]&los=10&searchrequestid=34b111cb-3d27-4ac7-9142-e67c307de22f
APA Hotel Keisei Ueno-Ekimae,"฿3,767",8.4,Excellent,"19,638",8.5,7.9,9.6,8.5,8.3,"2-14-26 Ueno. Taito-ku, Ueno, Tokyo, Japan, 110-0005",https://www.agoda.com/apa-hotel-keisei-ueno-ekimae/hotel/tokyo-jp.html?countryId=3&finalPriceView=1&isShowMobileAppPrice=false&cid=1919571&numberOfBedrooms=&familyMode=false&adults=2&children=0&rooms=1&maxRooms=0&checkIn=2025-12-10&isCalendarCallout=false&childAges=&numberOfGuest=0&missingChildAges=false&travellerType=1&showReviewSubmissionEntry=false&currencyCode=THB&isFreeOccSearch=false&flightSearchCriteria=[object Object]&los=10&searchrequestid=34b111cb-3d27-4ac7-9142-e67c307de22f
APA Hotel Nishiazabu,"฿3,233",7.3,Very good,"4,260",7.1,7.1,7.5,7.9,7.3,"4-4-5 Nishi-Azabu, Minato-ku, Aoyama and Omotesando, Tokyo, Japan, 106-0031",https://www.agoda.com/apa-hotel-nishiazabu/hotel/tokyo-jp.html?countryId=3&finalPriceView=1&isShowMobileAppPrice=false&cid=1919571&numberOfBedrooms=&familyMode=false&adults=2&children=0&rooms=1&maxRooms=0&checkIn=2025-12-10&isCalendarCallout=false&childAges=&numberOfGuest=0&missingChildAges=false&travellerType=1&showReviewSubmissionEntry=false&currencyCode=THB&isFreeOccSearch=false&flightSearchCriteria=[object Object]&los=10&searchrequestid=105164b7-061d-4f25-a288-5ca941fdebed
Sotetsu Fresa Inn Ginza - Nanachome,"฿16,061",8.6,Excellent,"10,717",8.9,8.6,9.1,9.1,8.7,"7-11-12 Ginza, Chuo-ku, Ginza, Tokyo, Japan, 104-0061",https://www.agoda.com/sotetsu-fresa-inn-ginza-nanachome/hotel/tokyo-jp.html?countryId=3&finalPriceView=1&isShowMobileAppPrice=false&cid=1919571&numberOfBedrooms=&familyMode=false&adults=2&children=0&rooms=1&maxRooms=0&checkIn=2025-12-10&isCalendarCallout=false&childAges=&numberOfGuest=0&missingChildAges=false&travellerType=1&showReviewSubmissionEntry=false&currencyCode=THB&isFreeOccSearch=false&flightSearchCriteria=[object Object]&los=10&searchrequestid=105164b7-061d-4f25-a288-5ca941fdebed
APA Hotel Ginza Shintomicho Ekimae,"฿3,487",7.9,Very good,"2,607",8.4,7.7,8,8.5,8.1,"2-5-10, Shintomi, Chuo-ku, Ginza, Tokyo, Japan, 104-0041",https://www.agoda.com/apa-hotel-ginza-shintomicho-ekimae/hotel/tokyo-jp.html?countryId=3&finalPriceView=1&isShowMobileAppPrice=false&cid=1919571&numberOfBedrooms=&familyMode=false&adults=2&children=0&rooms=1&maxRooms=0&checkIn=2025-12-10&isCalendarCallout=false&childAges=&numberOfGuest=0&missingChildAges=false&travellerType=1&showReviewSubmissionEntry=false&currencyCode=THB&isFreeOccSearch=false&flightSearchCriteria=[object Object]&los=10&searchrequestid=34b111cb-3d27-4ac7-9142-e67c307de22f
APA Hotel Nagatacho Hanzomon Ekimae,"฿3,159",8.1,Excellent,"6,969",8.3,8,7.9,8.4,8.1,"1-3-5,Hirakawacho,Chiyoda-ku, Akasaka, Tokyo, Japan, 102-0093",https://www.agoda.com/apa-hotel-nagatacho-hanzomon-ekimae/hotel/tokyo-jp.html?countryId=3&finalPriceView=1&isShowMobileAppPrice=false&cid=1919571&numberOfBedrooms=&familyMode=false&adults=2&children=0&rooms=1&maxRooms=0&checkIn=2025-12-10&isCalendarCallout=false&childAges=&numberOfGuest=0&missingChildAges=false&travellerType=1&showReviewSubmissionEntry=false&currencyCode=THB&isFreeOccSearch=false&flightSearchCriteria=[object Object]&los=10&searchrequestid=06a2b4d4-bc16-445a-8518-067fb414f68d
Hotel Villa Fontaine Grand Haneda Airport,"฿4,182",8.9,Excellent,"53,798",9.4,9,9.3,9,8.6,"2-7-1 Haneda airport, Ota-ku, Haneda International Airport, Tokyo, Japan, 144-0041",https://www.agoda.com/hotel-villa-fontaine-grand-haneda-airport/hotel/tokyo-jp.html?countryId=3&finalPriceView=1&isShowMobileAppPrice=false&cid=1919571&numberOfBedrooms=&familyMode=false&adults=2&children=0&rooms=1&maxRooms=0&checkIn=2025-12-10&isCalendarCallout=false&childAges=&numberOfGuest=0&missingChildAges=false&travellerType=1&showReviewSubmissionEntry=false&currencyCode=THB&isFreeOccSearch=false&flightSearchCriteria=[object Object]&tspTypes=4&los=10&searchrequestid=06a2b4d4-bc16-445a-8518-067fb414f68d
VESSEL INN TAKADANOBABA STATION,"฿5,129",9.2,Exceptional,"7,262",9.4,9.1,9.6,9.4,9.2,"2-17-4Takadanobaba, Shinjuku. Tokyo, Shinjuku, Tokyo, Japan, 169-0075",https://www.agoda.com/h35723368/hotel/tokyo-jp.html?countryId=3&finalPriceView=1&isShowMobileAppPrice=false&cid=1919571&numberOfBedrooms=&familyMode=false&adults=2&children=0&rooms=1&maxRooms=0&checkIn=2025-12-10&isCalendarCallout=false&childAges=&numberOfGuest=0&missingChildAges=false&travellerType=1&showReviewSubmissionEntry=false&currencyCode=THB&isFreeOccSearch=false&flightSearchCriteria=[object Object]&los=10&searchrequestid=105164b7-061d-4f25-a288-5ca941fdebed
Mikami Asakusabashi Hotel,"฿1,481",8.6,Excellent,"1,370",8.8,8.5,9.1,8.3,8.9,"1-chōme-10-10 Asakusabashi, Taito City, Akihabara, Tokyo, Japan, 111-0053",https://www.agoda.com/mikami-asakusabashi-hotel/hotel/tokyo-jp.html?countryId=3&finalPriceView=1&isShowMobileAppPrice=false&cid=1919571&numberOfBedrooms=&familyMode=false&adults=2&children=0&rooms=1&maxRooms=0&checkIn=2025-12-10&isCalendarCallout=false&childAges=&numberOfGuest=0&missingChildAges=false&travellerType=1&showReviewSubmissionEntry=false&currencyCode=THB&isFreeOccSearch=false&flightSearchCriteria=[object Object]&tspTypes=6&los=10&searchrequestid=13bbc6be-bec4-4250-997b-f5302af5b155
FLEXSTAY INN Tokiwadai,"฿1,736",7.3,Very good,"1,163",6.9,6.8,7.1,7.8,7.5,"1-52-5 Tokiwadai, Itabashi-ku, Itabashi, Tokyo, Japan, 174-0071",https://www.agoda.com/flexstay-inn-tokiwadai/hotel/tokyo-jp.html?countryId=3&finalPriceView=1&isShowMobileAppPrice=false&cid=1919571&numberOfBedrooms=&familyMode=false&adults=2&children=0&rooms=1&maxRooms=0&checkIn=2025-12-10&isCalendarCallout=false&childAges=&numberOfGuest=0&missingChildAges=false&travellerType=1&showReviewSubmissionEntry=false&currencyCode=THB&isFreeOccSearch=false&flightSearchCriteria=[object Object]&los=10&searchrequestid=06a2b4d4-bc16-445a-8518-067fb414f68d
APA Hotel〈Akihabara Suehirochoekimae〉,"฿3,064",8.9,Excellent,"3,184",9.3,8.8,9.4,9.2,9,"3-15-7,  Sotokanda, Chiyoda City , Akihabara, Tokyo, Japan, 101-0021",https://www.agoda.com/apa-hotel-akihabara-suehirochoekimae/hotel/tokyo-jp.html?countryId=3&finalPriceView=1&isShowMobileAppPrice=false&cid=1919571&numberOfBedrooms=&familyMode=false&adults=2&children=0&rooms=1&maxRooms=0&checkIn=2025-12-10&isCalendarCallout=false&childAges=&numberOfGuest=0&missingChildAges=false&travellerType=1&showReviewSubmissionEntry=false&currencyCode=THB&isFreeOccSearch=false&flightSearchCriteria=[object Object]&tspTypes=4&los=10&searchrequestid=34b111cb-3d27-4ac7-9142-e67c307de22f
Hotel Villa Fontaine Grand Haneda Airport,"฿4,182",8.9,Excellent,"53,798",N/A,N/A,N/A,N/A,N/A,"2-7-1 Haneda airport, Ota-ku, Haneda International Airport, Tokyo, Japan, 144-0041",https://www.agoda.com/hotel-villa-fontaine-grand-haneda-airport/hotel/tokyo-jp.html?countryId=3&finalPriceView=1&isShowMobileAppPrice=false&cid=1919571&numberOfBedrooms=&familyMode=false&adults=2&children=0&rooms=1&maxRooms=0&checkIn=2025-12-10&isCalendarCallout=false&childAges=&numberOfGuest=0&missingChildAges=false&travellerType=1&showReviewSubmissionEntry=false&currencyCode=THB&isFreeOccSearch=false&flightSearchCriteria=[object Object]&tspTypes=4&los=10&searchrequestid=105164b7-061d-4f25-a288-5ca941fdebed
Hilton Tokyo,"฿12,179",8.6,Excellent,"3,740",9,8.6,8.4,8.9,8.1,"Tokyo-to, Shinjuku-ku, Nishishinjuku 6-6-2, Japan, Shinjuku, Tokyo, Japan, 160-0023",https://www.agoda.com/hilton-tokyo-h64264/hotel/tokyo-jp.html?countryId=3&finalPriceView=1&isShowMobileAppPrice=false&cid=1919571&numberOfBedrooms=&familyMode=false&adults=2&children=0&rooms=1&maxRooms=0&checkIn=2025-12-10&isCalendarCallout=false&childAges=&numberOfGuest=0&missingChildAges=false&travellerType=1&showReviewSubmissionEntry=false&currencyCode=THB&isFreeOccSearch=false&flightSearchCriteria=[object Object]&los=10&searchrequestid=105164b7-061d-4f25-a288-5ca941fdebed
APA Hotel Shinagawa Sengakuji Eki-Mae,"฿4,044",8.2,Excellent,"8,622",8.5,8.3,8.5,8.3,8.3,"2-16-30 Takanawa, Minato-ku, Shinagawa, Tokyo, Japan, 108-0074",https://www.agoda.com/apa-hotel-shinagawa-sengakuji-eki-mae/hotel/tokyo-jp.html?countryId=3&finalPriceView=1&isShowMobileAppPrice=false&cid=1919571&numberOfBedrooms=&familyMode=false&adults=2&children=0&rooms=1&maxRooms=0&checkIn=2025-12-10&isCalendarCallout=false&childAges=&numberOfGuest=0&missingChildAges=false&travellerType=1&showReviewSubmissionEntry=false&currencyCode=THB&isFreeOccSearch=false&flightSearchCriteria=[object Object]&tspTypes=8&los=10&searchrequestid=34b111cb-3d27-4ac7-9142-e67c307de22f
The Royal Park Hotel Ginza 6-chome,"฿7,335",8.9,Excellent,"4,466",9.4,8.7,9.2,8.9,8.7,"6-16-14, Ginza, Tokyo, Japan, 104-0061",https://www.agoda.com/the-royal-park-hotel-ginza-6-chome/hotel/tokyo-jp.html?countryId=3&finalPriceView=1&isShowMobileAppPrice=false&cid=1919571&numberOfBedrooms=&familyMode=false&adults=2&children=0&rooms=1&maxRooms=0&checkIn=2025-12-10&isCalendarCallout=false&childAges=&numberOfGuest=0&missingChildAges=false&travellerType=1&showReviewSubmissionEntry=false&currencyCode=THB&isFreeOccSearch=false&flightSearchCriteria=[object Object]&los=10&searchrequestid=105164b7-061d-4f25-a288-5ca941fdebed
Apartment Hotel 11 Asakusa 2,"฿12,325",9.1,Exceptional,89,8.9,9.1,7.8,8.2,9.5,"Asakusa 5-21-2, Asakusa, Tokyo, Japan, 111-0032",https://www.agoda.com/apartment-hotel-11-asakusa-2/hotel/taito-ku-jp.html?countryId=3&finalPriceView=1&isShowMobileAppPrice=false&cid=1919571&numberOfBedrooms=&familyMode=false&adults=2&children=0&rooms=1&maxRooms=0&checkIn=2025-12-10&isCalendarCallout=false&childAges=&numberOfGuest=0&missingChildAges=false&travellerType=1&showReviewSubmissionEntry=false&currencyCode=THB&isFreeOccSearch=false&flightSearchCriteria=[object Object]&los=10&searchrequestid=105164b7-061d-4f25-a288-5ca941fdebed
Smile Hotel Tokyo Shinkoiwa,"฿2,679",7.9,Very good,"3,980",7.9,7.6,8.2,8.5,8,"1-1-3 Higashishinkoiwa, Katsushika-ku, Katsushika, Tokyo, Japan, 124-0023",https://www.agoda.com/smile-hotel-tokyo-shinkoiwa/hotel/tokyo-jp.html?countryId=3&finalPriceView=1&isShowMobileAppPrice=false&cid=1919571&numberOfBedrooms=&familyMode=false&adults=2&children=0&rooms=1&maxRooms=0&checkIn=2025-12-10&isCalendarCallout=false&childAges=&numberOfGuest=0&missingChildAges=false&travellerType=1&showReviewSubmissionEntry=false&currencyCode=THB&isFreeOccSearch=false&flightSearchCriteria=[object Object]&tspTypes=9&los=10&searchrequestid=06a2b4d4-bc16-445a-8518-067fb414f68d
Hotel LIVEMAX Ryogoku,"฿2,153",8.1,Excellent,129,9,7.9,7.5,8.3,8.3,"1-28-1 Ishiwara, Sumida-ku, Ryōgoku, Tokyo, Japan, 130-0011",https://www.agoda.com/hotel-livemax-ryogoku/hotel/tokyo-jp.html?countryId=3&finalPriceView=1&isShowMobileAppPrice=false&cid=1919571&numberOfBedrooms=&familyMode=false&adults=2&children=0&rooms=1&maxRooms=0&checkIn=2025-12-10&isCalendarCallout=false&childAges=&numberOfGuest=0&missingChildAges=false&travellerType=1&showReviewSubmissionEntry=false&currencyCode=THB&isFreeOccSearch=false&flightSearchCriteria=[object Object]&tspTypes=3&los=10&searchrequestid=13bbc6be-bec4-4250-997b-f5302af5b155
HOTEL MUSSE GINZA MEITETSU,"฿5,752",8.7,Excellent,"8,652",9.1,8.5,8.9,9,8.7,"7-12-9 Ginza, Chuo, Ginza, Tokyo, Japan, 104-0061",https://www.agoda.com/hotel-musse-ginza-meitetsu/hotel/tokyo-jp.html?countryId=3&finalPriceView=1&isShowMobileAppPrice=false&cid=1919571&numberOfBedrooms=&familyMode=false&adults=2&children=0&rooms=1&maxRooms=0&checkIn=2025-12-10&isCalendarCallout=false&childAges=&numberOfGuest=0&missingChildAges=false&travellerType=1&showReviewSubmissionEntry=false&currencyCode=THB&isFreeOccSearch=false&flightSearchCriteria=[object Object]&los=10&searchrequestid=34b111cb-3d27-4ac7-9142-e67c307de22f
Centurion Hotel Ueno,"฿5,025",7.7,Very good,"8,503",7.8,7.3,8.5,8.2,7.6,"2-3-4 Taito-ku, Ueno, Tokyo, Japan, 110-0005",https://www.agoda.com/centurion-hotel-ueno/hotel/tokyo-jp.html?countryId=3&finalPriceView=1&isShowMobileAppPrice=false&cid=1919571&numberOfBedrooms=&familyMode=false&adults=2&children=0&rooms=1&maxRooms=0&checkIn=2025-12-10&isCalendarCallout=false&childAges=&numberOfGuest=0&missingChildAges=false&travellerType=1&showReviewSubmissionEntry=false&currencyCode=THB&isFreeOccSearch=false&flightSearchCriteria=[object Object]&los=10&searchrequestid=bf63bf3c-e269-4caf-b2ed-f65196feddeb
APA Hotel Kodemmacho-Ekimae,"฿2,988",8.1,Excellent,"5,844",8.3,7.9,8.2,8.5,8.1,"14-20 Nihonbasiodenma-cho, Chuo-ku, Tokyo Station, Tokyo, Japan, 103-0011",https://www.agoda.com/apa-hotel-kodemmacho-ekimae/hotel/tokyo-jp.html?countryId=3&finalPriceView=1&isShowMobileAppPrice=false&cid=1919571&numberOfBedrooms=&familyMode=false&adults=2&children=0&rooms=1&maxRooms=0&checkIn=2025-12-10&isCalendarCallout=false&childAges=&numberOfGuest=0&missingChildAges=false&travellerType=1&showReviewSubmissionEntry=false&currencyCode=THB&isFreeOccSearch=false&flightSearchCriteria=[object Object]&los=10&searchrequestid=34b111cb-3d27-4ac7-9142-e67c307de22f
Sotetsu Grand Fresa Takadanobaba,"฿4,661",9.0,Exceptional,"11,505",9.5,9,9.6,9.3,9.1,"No. 7-27, 1-chome, Takadanobaba, Shinjuku City, Shinjuku, Tokyo, Japan, 169-0075",https://www.agoda.com/sotetsu-grand-fresa-takadanobaba/hotel/tokyo-jp.html?countryId=3&finalPriceView=1&isShowMobileAppPrice=false&cid=1919571&numberOfBedrooms=&familyMode=false&adults=2&children=0&rooms=1&maxRooms=0&checkIn=2025-12-10&isCalendarCallout=false&childAges=&numberOfGuest=0&missingChildAges=false&travellerType=1&showReviewSubmissionEntry=false&currencyCode=THB&isFreeOccSearch=false&flightSearchCriteria=[object Object]&los=10&searchrequestid=06a2b4d4-bc16-445a-8518-067fb414f68d
APA Hotel TKP Nippori Ekimae,"฿2,774",8.6,Excellent,"21,996",8.8,8.3,9.2,9,8.7,"5-52-9 Higashinippori Arakawa-ku, Ueno, Tokyo, Japan, 116-0014","https://www.agoda.com/apa-hotel-tkp-nippori-ekimae/hotel/tokyo-jp.html?countryId=3&finalPriceView=1&isShowMobileAppPrice=false&cid=1919571&numberOfBedrooms=&familyMode=false&adults=2&children=0&rooms=1&maxRooms=0&checkIn=2025-12-10&isCalendarCallout=false&childAges=&numberOfGuest=0&missingChildAges=false&travellerType=1&showReviewSubmissionEntry=false&currencyCode=THB&isFreeOccSearch=false&flightSearchCriteria=[object Object]&tspTypes=7,2,8&los=10&searchrequestid=34b111cb-3d27-4ac7-9142-e67c307de22f"
HOTEL MYSTAYS PREMIER Akasaka,"฿4,032",8.5,Excellent,"6,755",8.9,8.4,8.5,8.9,8.6,"2-17-54, Akasaka , Minato-ku,, Akasaka, Tokyo, Japan, 107-0052",https://www.agoda.com/hotel-mystays-premier-akasaka/hotel/tokyo-jp.html?countryId=3&finalPriceView=1&isShowMobileAppPrice=false&cid=1919571&numberOfBedrooms=&familyMode=false&adults=2&children=0&rooms=1&maxRooms=0&checkIn=2025-12-10&isCalendarCallout=false&childAges=&numberOfGuest=0&missingChildAges=false&travellerType=1&showReviewSubmissionEntry=false&currencyCode=THB&isFreeOccSearch=false&flightSearchCriteria=[object Object]&los=10&searchrequestid=34b111cb-3d27-4ac7-9142-e67c307de22f
APA Hotel Roppongi SIX,"฿3,068",8.2,Excellent,"24,813",8.5,8.1,8,8.4,8.3,"2-3-11 Roppongi, Minato-ku, Roppongi, Tokyo, Japan, 106-0032",https://www.agoda.com/apa-hotel-roppongi-six/hotel/tokyo-jp.html?countryId=3&finalPriceView=1&isShowMobileAppPrice=false&cid=1919571&numberOfBedrooms=&familyMode=false&adults=2&children=0&rooms=1&maxRooms=0&checkIn=2025-12-10&isCalendarCallout=false&childAges=&numberOfGuest=0&missingChildAges=false&travellerType=1&showReviewSubmissionEntry=false&currencyCode=THB&isFreeOccSearch=false&flightSearchCriteria=[object Object]&tspTypes=9&los=10&searchrequestid=34b111cb-3d27-4ac7-9142-e67c307de22f
APA Hotel TKP Tokyo Nishikasai,"฿2,972",8.3,Excellent,"2,422",8.6,8.3,8.5,8.7,8.5,"6-15-24 Nishi-Kasai, Edogawa, Edogawa, Tokyo, Japan, 134-0088",https://www.agoda.com/apa-hotel-tkp-tokyo-nishikasai/hotel/tokyo-jp.html?countryId=3&finalPriceView=1&isShowMobileAppPrice=false&cid=1919571&numberOfBedrooms=&familyMode=false&adults=2&children=0&rooms=1&maxRooms=0&checkIn=2025-12-10&isCalendarCallout=false&childAges=&numberOfGuest=0&missingChildAges=false&travellerType=1&showReviewSubmissionEntry=false&currencyCode=THB&isFreeOccSearch=false&flightSearchCriteria=[object Object]&tspTypes=9&los=10&searchrequestid=105164b7-061d-4f25-a288-5ca941fdebed
APA Hotel Ginza Kyobashi Manami Tokyo Station Yaesu South Gate,"฿4,025",7.9,Very good,"2,190",8.3,7.6,8,8.4,7.9,"3-11-2 Kyobashi, Chuo-Ku, Ginza, Tokyo, Japan, 104-0031",https://www.agoda.com/apa-hotel-ginza-takaracho-tokyo-station-yaesu-south-gate-h529158/hotel/tokyo-jp.html?countryId=3&finalPriceView=1&isShowMobileAppPrice=false&cid=1919571&numberOfBedrooms=&familyMode=false&adults=2&children=0&rooms=1&maxRooms=0&checkIn=2025-12-10&isCalendarCallout=false&childAges=&numberOfGuest=0&missingChildAges=false&travellerType=1&showReviewSubmissionEntry=false&currencyCode=THB&isFreeOccSearch=false&flightSearchCriteria=[object Object]&los=10&searchrequestid=105164b7-061d-4f25-a288-5ca941fdebed
Richmond Hotel Premier Asakusa International,"฿4,994",9.0,Exceptional,"15,782",9.2,8.9,9.1,9.2,8.9,"2-6-7 Asakusa, Taito-ku, Asakusa, Tokyo, Japan, 111-0032",https://www.agoda.com/richmond-hotel-premier-asakusa-international/hotel/tokyo-jp.html?countryId=3&finalPriceView=1&isShowMobileAppPrice=false&cid=1919571&numberOfBedrooms=&familyMode=false&adults=2&children=0&rooms=1&maxRooms=0&checkIn=2025-12-10&isCalendarCallout=false&childAges=&numberOfGuest=0&missingChildAges=false&travellerType=1&showReviewSubmissionEntry=false&currencyCode=THB&isFreeOccSearch=false&flightSearchCriteria=[object Object]&tspTypes=9&los=10&searchrequestid=105164b7-061d-4f25-a288-5ca941fdebed
Centurion Hotel Ikebukuro Station,"฿4,503",8.3,Excellent,"8,427",8.4,7.9,9.1,8.5,8.2,"1-8-9 Higashi Ikebukuro, Toshima-ku, Toshima, Tokyo, Japan, 1700013",https://www.agoda.com/centurion-hotel-ikebukuro-station/hotel/tokyo-jp.html?countryId=3&finalPriceView=1&isShowMobileAppPrice=false&cid=1919571&numberOfBedrooms=&familyMode=false&adults=2&children=0&rooms=1&maxRooms=0&checkIn=2025-12-10&isCalendarCallout=false&childAges=&numberOfGuest=0&missingChildAges=false&travellerType=1&showReviewSubmissionEntry=false&currencyCode=THB&isFreeOccSearch=false&flightSearchCriteria=[object Object]&tspTypes=2&los=10&searchrequestid=105164b7-061d-4f25-a288-5ca941fdebed
The Millennials Shibuya,"฿5,355",9.0,Exceptional,"5,569",9.4,9,9.4,9.3,8.6,"1-20-13, Jinnan, Shibuya, Tokyo, Japan, 150-0041",https://www.agoda.com/the-millennials-shibuya/hotel/tokyo-jp.html?countryId=3&finalPriceView=1&isShowMobileAppPrice=false&cid=1919571&numberOfBedrooms=&familyMode=false&adults=2&children=0&rooms=1&maxRooms=0&checkIn=2025-12-10&isCalendarCallout=false&childAges=&numberOfGuest=0&missingChildAges=false&travellerType=1&showReviewSubmissionEntry=false&currencyCode=THB&isFreeOccSearch=false&flightSearchCriteria=[object Object]&los=10&searchrequestid=34b111cb-3d27-4ac7-9142-e67c307de22f
Shinagawa Prince Hotel,"฿6,074",8.2,Excellent,"30,478",8.5,8.1,9.1,8.5,8,"4-10-30 Takanawa, Minato-ku, Shinagawa, Tokyo, Japan, 108-8611",https://www.agoda.com/shinagawa-prince-hotel/hotel/tokyo-jp.html?countryId=3&finalPriceView=1&isShowMobileAppPrice=false&cid=1919571&numberOfBedrooms=&familyMode=false&adults=2&children=0&rooms=1&maxRooms=0&checkIn=2025-12-10&isCalendarCallout=false&childAges=&numberOfGuest=0&missingChildAges=false&travellerType=1&showReviewSubmissionEntry=false&currencyCode=THB&isFreeOccSearch=false&flightSearchCriteria=[object Object]&tspTypes=8&los=10&searchrequestid=34b111cb-3d27-4ac7-9142-e67c307de22f
Agora Tokyo Ginza,"฿5,656",8.8,Excellent,"5,943",9.1,8.5,9.1,9.1,8.8,"5 ginza chuo ku, Ginza, Tokyo, Japan, 104-0061",https://www.agoda.com/agora-ginza/hotel/tokyo-jp.html?countryId=3&finalPriceView=1&isShowMobileAppPrice=false&cid=1919571&numberOfBedrooms=&familyMode=false&adults=2&children=0&rooms=1&maxRooms=0&checkIn=2025-12-10&isCalendarCallout=false&childAges=&numberOfGuest=0&missingChildAges=false&travellerType=1&showReviewSubmissionEntry=false&currencyCode=THB&isFreeOccSearch=false&flightSearchCriteria=[object Object]&los=10&searchrequestid=105164b7-061d-4f25-a288-5ca941fdebed
Pearl Hotel Shinjuku Akebonobashi,Sold Out/Check Dates,8.6,Excellent,"7,973",8.9,8.3,8.6,8.8,8.7,"9-5 Sumiyoshi-cho, Shinjuku, Tokyo, Japan, 1620065",https://www.agoda.com/pearl-hotel-shinjuku-akebonobashi_4/hotel/tokyo-jp.html?countryId=3&finalPriceView=1&isShowMobileAppPrice=false&cid=1919571&numberOfBedrooms=&familyMode=false&adults=2&children=0&rooms=1&maxRooms=0&checkIn=2025-12-10&isCalendarCallout=false&childAges=&numberOfGuest=0&missingChildAges=false&travellerType=1&showReviewSubmissionEntry=false&currencyCode=THB&isFreeOccSearch=false&flightSearchCriteria=[object Object]&los=10&searchrequestid=105164b7-061d-4f25-a288-5ca941fdebed
APA Hotel Akabane Iwabuchi Ekimae,"฿2,134",8.7,Excellent,"2,114",9.3,9.1,8.1,9,8.9,"Kita City, Akabane, 2-chome-66-8, Akabane, Tokyo, Japan, 115-0045",https://www.agoda.com/apa-hotel-akabane-iwabuchi-ekimae/hotel/tokyo-jp.html?countryId=3&finalPriceView=1&isShowMobileAppPrice=false&cid=1919571&numberOfBedrooms=&familyMode=false&adults=2&children=0&rooms=1&maxRooms=0&checkIn=2025-12-10&isCalendarCallout=false&childAges=&numberOfGuest=0&missingChildAges=false&travellerType=1&showReviewSubmissionEntry=false&currencyCode=THB&isFreeOccSearch=false&flightSearchCriteria=[object Object]&tspTypes=1&los=10&searchrequestid=34b111cb-3d27-4ac7-9142-e67c307de22f
the b asakusa,"฿6,468",8.7,Excellent,"4,107",8.8,8.6,9,8.9,8.8,"3 Chome-16-12 Nishiasakusa, Taito City, Tokyo 111-0035, Asakusa, Tokyo, Japan",https://www.agoda.com/the-b-asakusa_3/hotel/tokyo-jp.html?countryId=3&finalPriceView=1&isShowMobileAppPrice=false&cid=1919571&numberOfBedrooms=&familyMode=false&adults=2&children=0&rooms=1&maxRooms=0&checkIn=2025-12-10&isCalendarCallout=false&childAges=&numberOfGuest=0&missingChildAges=false&travellerType=1&showReviewSubmissionEntry=false&currencyCode=THB&isFreeOccSearch=false&flightSearchCriteria=[object Object]&los=10&searchrequestid=105164b7-061d-4f25-a288-5ca941fdebed
APA Hotel Ueno Ekimae,"฿3,704",8.1,Excellent,"6,869",7.6,7.2,8.4,8,8.8,"2-18-7 Higashiueno, Taito-ku, Ueno, Tokyo, Japan, 110-0015",https://www.agoda.com/apa-hotel-ueno-ekimae-h23736556/hotel/tokyo-jp.html?countryId=3&finalPriceView=1&isShowMobileAppPrice=false&cid=1919571&numberOfBedrooms=&familyMode=false&adults=2&children=0&rooms=1&maxRooms=0&checkIn=2025-12-10&isCalendarCallout=false&childAges=&numberOfGuest=0&missingChildAges=false&travellerType=1&showReviewSubmissionEntry=false&currencyCode=THB&isFreeOccSearch=false&flightSearchCriteria=[object Object]&los=10&searchrequestid=34b111cb-3d27-4ac7-9142-e67c307de22f
Rhodes Kagurazaka Hotel,"฿2,599",7.3,Very good,"4,368",7.5,7.3,7.5,7.3,7.8,"1-17,Saikumachi,Shinjukuku, Shinjuku, Tokyo, Japan, 162-0838",https://www.agoda.com/h38400661/hotel/tokyo-jp.html?countryId=3&finalPriceView=1&isShowMobileAppPrice=false&cid=1919571&numberOfBedrooms=&familyMode=false&adults=2&children=0&rooms=1&maxRooms=0&checkIn=2025-12-10&isCalendarCallout=false&childAges=&numberOfGuest=0&missingChildAges=false&travellerType=1&showReviewSubmissionEntry=false&currencyCode=THB&isFreeOccSearch=false&flightSearchCriteria=[object Object]&tspTypes=5&los=10&searchrequestid=105164b7-061d-4f25-a288-5ca941fdebed
Hotel Villa Fontaine Grand Tokyo-Roppongi,"฿15,871",8.5,Excellent,"5,011",8.8,8.2,8.6,8.8,8.4,"1-6-2 Roppongi, Minato-ku, Roppongi, Tokyo, Japan, 106-0032",https://www.agoda.com/hotel-villa-fontaine-grand-tokyo-roppongi/hotel/tokyo-jp.html?countryId=3&finalPriceView=1&isShowMobileAppPrice=false&cid=1919571&numberOfBedrooms=&familyMode=false&adults=2&children=0&rooms=1&maxRooms=0&checkIn=2025-12-10&isCalendarCallout=false&childAges=&numberOfGuest=0&missingChildAges=false&travellerType=1&showReviewSubmissionEntry=false&currencyCode=THB&isFreeOccSearch=false&flightSearchCriteria=[object Object]&los=10&searchrequestid=bf63bf3c-e269-4caf-b2ed-f65196feddeb
APA Hotel Tokyo Itabashi Ekimae,"฿2,790",7.8,Very good,"5,003",8.1,7.7,8.4,8.3,8,"4-47-1, Kami-Ikebukuro, Toshima-ku, Toshima, Tokyo, Japan, 170-0012",https://www.agoda.com/apa-hotel-tokyo-itabashi-ekimae/hotel/tokyo-jp.html?countryId=3&finalPriceView=1&isShowMobileAppPrice=false&cid=1919571&numberOfBedrooms=&familyMode=false&adults=2&children=0&rooms=1&maxRooms=0&checkIn=2025-12-10&isCalendarCallout=false&childAges=&numberOfGuest=0&missingChildAges=false&travellerType=1&showReviewSubmissionEntry=false&currencyCode=THB&isFreeOccSearch=false&flightSearchCriteria=[object Object]&tspTypes=9&los=10&searchrequestid=105164b7-061d-4f25-a288-5ca941fdebed
KOKO HOTEL Tsukiji Ginza,"฿5,788",8.4,Excellent,"9,208",8.9,8.2,8.3,8.5,8.5,"6-8-8 Tsukiji, Ginza, Tokyo, Japan, 104-0045",https://www.agoda.com/koko-hotel-tsukiji-ginza/hotel/tokyo-jp.html?countryId=3&finalPriceView=1&isShowMobileAppPrice=false&cid=1919571&numberOfBedrooms=&familyMode=false&adults=2&children=0&rooms=1&maxRooms=0&checkIn=2025-12-10&isCalendarCallout=false&childAges=&numberOfGuest=0&missingChildAges=false&travellerType=1&showReviewSubmissionEntry=false&currencyCode=THB&isFreeOccSearch=false&flightSearchCriteria=[object Object]&los=10&searchrequestid=06a2b4d4-bc16-445a-8518-067fb414f68d
APA Hotel Akihabara Ekikita,"฿3,399",8.4,Excellent,"6,695",8.8,8.4,8.2,8.9,8.5,"1-29-2 Taito, Taito-ku, Akihabara, Tokyo, Japan, 110-0016",https://www.agoda.com/apa-hotel-akihabara-ekikita/hotel/tokyo-jp.html?countryId=3&finalPriceView=1&isShowMobileAppPrice=false&cid=1919571&numberOfBedrooms=&familyMode=false&adults=2&children=0&rooms=1&maxRooms=0&checkIn=2025-12-10&isCalendarCallout=false&childAges=&numberOfGuest=0&missingChildAges=false&travellerType=1&showReviewSubmissionEntry=false&currencyCode=THB&isFreeOccSearch=false&flightSearchCriteria=[object Object]&tspTypes=9&los=10&searchrequestid=105164b7-061d-4f25-a288-5ca941fdebed
APA Hotel Omori Ekimae Higashi,"฿2,616",8.3,Excellent,200,9.7,9.1,8.3,9.2,9.2,"東京都大田区大森北1-16-5, アパホテル〈大森駅前東〉, Shinagawa, Tokyo, Japan, 143-0016",https://www.agoda.com/apa-hotel-omori-ekimae-higashi-h67487795/hotel/tokyo-jp.html?countryId=3&finalPriceView=1&isShowMobileAppPrice=false&cid=1919571&numberOfBedrooms=&familyMode=false&adults=2&children=0&rooms=1&maxRooms=0&checkIn=2025-12-10&isCalendarCallout=false&childAges=&numberOfGuest=0&missingChildAges=false&travellerType=1&showReviewSubmissionEntry=false&currencyCode=THB&isFreeOccSearch=false&flightSearchCriteria=[object Object]&tspTypes=1&los=10&searchrequestid=105164b7-061d-4f25-a288-5ca941fdebed
Agora Tokyo Ginza,"฿5,656",8.8,Excellent,"5,943",9.1,8.5,9.1,9.1,8.8,"5 ginza chuo ku, Ginza, Tokyo, Japan, 104-0061",https://www.agoda.com/agora-ginza/hotel/tokyo-jp.html?countryId=3&finalPriceView=1&isShowMobileAppPrice=false&cid=1919571&numberOfBedrooms=&familyMode=false&adults=2&children=0&rooms=1&maxRooms=0&checkIn=2025-12-10&isCalendarCallout=false&childAges=&numberOfGuest=0&missingChildAges=false&travellerType=1&showReviewSubmissionEntry=false&currencyCode=THB&isFreeOccSearch=false&flightSearchCriteria=[object Object]&los=10&searchrequestid=06a2b4d4-bc16-445a-8518-067fb414f68d
The Global hotel Tokyo,฿938,7.9,Very good,"13,518",7.8,7.7,8.1,8.2,8.1,"Shinjuku, Hyakunincho 1-8-17, Shinjuku, Tokyo, Japan, 169-0073",https://www.agoda.com/the-global-hotel-tokyo/hotel/tokyo-jp.html?countryId=3&finalPriceView=1&isShowMobileAppPrice=false&cid=1919571&numberOfBedrooms=&familyMode=false&adults=2&children=0&rooms=1&maxRooms=0&checkIn=2025-12-10&isCalendarCallout=false&childAges=&numberOfGuest=0&missingChildAges=false&travellerType=1&showReviewSubmissionEntry=false&currencyCode=THB&isFreeOccSearch=false&flightSearchCriteria=[object Object]&los=10&searchrequestid=105164b7-061d-4f25-a288-5ca941fdebed
APA HOTEL〈UENO OKACHIMACHI EKIMAE MINAMI〉,"฿3,408",8.5,Excellent,"1,314",8,7,5,7,7,"3-9-8 Ueno, Taito-ku, Tokyo , Akihabara, Tokyo, Japan, 110-0005",https://www.agoda.com/apa-hotel-ueno-okachimachi-ekimae-minami-h48925495/hotel/tokyo-jp.html?countryId=3&finalPriceView=1&isShowMobileAppPrice=false&cid=1919571&numberOfBedrooms=&familyMode=false&adults=2&children=0&rooms=1&maxRooms=0&checkIn=2025-12-10&isCalendarCallout=false&childAges=&numberOfGuest=0&missingChildAges=false&travellerType=1&showReviewSubmissionEntry=false&currencyCode=THB&isFreeOccSearch=false&flightSearchCriteria=[object Object]&los=10&searchrequestid=105164b7-061d-4f25-a288-5ca941fdebed
The OneFive Tokyo Kameido,"฿1,909",8.3,Excellent,"1,693",8.8,8.1,8.5,8.7,8.6,"2-chōme-27-12 Kameido, Koto City , Koto, Tokyo, Japan, 136-0071",https://www.agoda.com/the-onefive-tokyo-kameido/hotel/tokyo-jp.html?countryId=3&finalPriceView=1&isShowMobileAppPrice=false&cid=1919571&numberOfBedrooms=&familyMode=false&adults=2&children=0&rooms=1&maxRooms=0&checkIn=2025-12-10&isCalendarCallout=false&childAges=&numberOfGuest=0&missingChildAges=false&travellerType=1&showReviewSubmissionEntry=false&currencyCode=THB&isFreeOccSearch=false&flightSearchCriteria=[object Object]&tspTypes=6&los=10&searchrequestid=34b111cb-3d27-4ac7-9142-e67c307de22f
HOTEL MYSTAYS Asakusa-bashi,"฿3,422",8.6,Excellent,"7,606",8.5,8.3,9.2,9,8.7,"1-5-5, Asakusabashi, Taito-ku, Akihabara, Tokyo, Japan, 111-0053",https://www.agoda.com/hotel-mystays-asakusa-bashi/hotel/tokyo-jp.html?countryId=3&finalPriceView=1&isShowMobileAppPrice=false&cid=1919571&numberOfBedrooms=&familyMode=false&adults=2&children=0&rooms=1&maxRooms=0&checkIn=2025-12-10&isCalendarCallout=false&childAges=&numberOfGuest=0&missingChildAges=false&travellerType=1&showReviewSubmissionEntry=false&currencyCode=THB&isFreeOccSearch=false&flightSearchCriteria=[object Object]&tspTypes=2&los=10&searchrequestid=34b111cb-3d27-4ac7-9142-e67c307de22f
Hotel LiveMax Asakusa Ekimae,"฿2,567",7.6,Very good,"1,409",4,4,5.2,4,6.4,"2-6-5Komagata,Taito-ku,Tokyo, Asakusa, Tokyo, Japan, 111-0043",https://www.agoda.com/hotel-livemax-asakusa-ekimae/hotel/hongo-jp.html?countryId=3&finalPriceView=1&isShowMobileAppPrice=false&cid=1919571&numberOfBedrooms=&familyMode=false&adults=2&children=0&rooms=1&maxRooms=0&checkIn=2025-12-10&isCalendarCallout=false&childAges=&numberOfGuest=0&missingChildAges=false&travellerType=1&showReviewSubmissionEntry=false&currencyCode=THB&isFreeOccSearch=false&flightSearchCriteria=[object Object]&tspTypes=9&los=10&searchrequestid=34b111cb-3d27-4ac7-9142-e67c307de22f
THE KANZASHI TOKYO ASAKUSA,"฿3,527",8.8,Excellent,"11,399",9.3,8.8,8.5,9.1,8.9,"Asakusa2-27-10, Asakusa, Tokyo, Japan, 111-0032",https://www.agoda.com/the-kanzashi-tokyo-asakusa/hotel/tokyo-jp.html?countryId=3&finalPriceView=1&isShowMobileAppPrice=false&cid=1919571&numberOfBedrooms=&familyMode=false&adults=2&children=0&rooms=1&maxRooms=0&checkIn=2025-12-10&isCalendarCallout=false&childAges=&numberOfGuest=0&missingChildAges=false&travellerType=1&showReviewSubmissionEntry=false&currencyCode=THB&isFreeOccSearch=false&flightSearchCriteria=[object Object]&tspTypes=1&los=10&searchrequestid=06a2b4d4-bc16-445a-8518-067fb414f68d
Hotel Villa Fontaine Tokyo-Kayabacho,"฿3,301",8.3,Excellent,"9,319",8.6,8.1,8.3,8.7,8.4,"1-8-2 Shinkawa, Chuo-ku, Tokyo Station, Tokyo, Japan, 104-0033",https://www.agoda.com/hotel-villa-fontaine-tokyo-kayabacho/hotel/tokyo-jp.html?countryId=3&finalPriceView=1&isShowMobileAppPrice=false&cid=1919571&numberOfBedrooms=&familyMode=false&adults=2&children=0&rooms=1&maxRooms=0&checkIn=2025-12-10&isCalendarCallout=false&childAges=&numberOfGuest=0&missingChildAges=false&travellerType=1&showReviewSubmissionEntry=false&currencyCode=THB&isFreeOccSearch=false&flightSearchCriteria=[object Object]&tspTypes=9&los=10&searchrequestid=bf63bf3c-e269-4caf-b2ed-f65196feddeb
Millennium Mitsui Garden Hotel Tokyo / Ginza,"฿8,825",9.0,Exceptional,"14,807",9.3,8.6,9.5,9.2,8.7,"5-11-1 Ginza, Chuo-Ku, Ginza, Tokyo, Japan, 104-0061",https://www.agoda.com/millennium-mitsui-garden-hotel-tokyo-ginza/hotel/tokyo-jp.html?countryId=3&finalPriceView=1&isShowMobileAppPrice=false&cid=1919571&numberOfBedrooms=&familyMode=false&adults=2&children=0&rooms=1&maxRooms=0&checkIn=2025-12-10&isCalendarCallout=false&childAges=&numberOfGuest=0&missingChildAges=false&travellerType=1&showReviewSubmissionEntry=false&currencyCode=THB&isFreeOccSearch=false&flightSearchCriteria=[object Object]&tspTypes=-1&los=10&searchrequestid=105164b7-061d-4f25-a288-5ca941fdebed
The Royal Park Hotel Ginza 6-chome,"฿7,335",8.9,Excellent,"4,466",9.4,8.7,9.2,8.9,8.7,"6-16-14, Ginza, Tokyo, Japan, 104-0061",https://www.agoda.com/the-royal-park-hotel-ginza-6-chome/hotel/tokyo-jp.html?countryId=3&finalPriceView=1&isShowMobileAppPrice=false&cid=1919571&numberOfBedrooms=&familyMode=false&adults=2&children=0&rooms=1&maxRooms=0&checkIn=2025-12-10&isCalendarCallout=false&childAges=&numberOfGuest=0&missingChildAges=false&travellerType=1&showReviewSubmissionEntry=false&currencyCode=THB&isFreeOccSearch=false&flightSearchCriteria=[object Object]&los=10&searchrequestid=bf63bf3c-e269-4caf-b2ed-f65196feddeb
Hotel Livemax Asakusa Skyfront,"฿2,692",7.7,Very good,"2,585",7.4,7.2,8.5,8,7.7,"1-10-4 Narihira, Sumida-ku, Ryōgoku, Tokyo, Japan, 130-0002",https://www.agoda.com/hotel-livemax-asakusa-skyfront/hotel/tokyo-jp.html?countryId=3&finalPriceView=1&isShowMobileAppPrice=false&cid=1919571&numberOfBedrooms=&familyMode=false&adults=2&children=0&rooms=1&maxRooms=0&checkIn=2025-12-10&isCalendarCallout=false&childAges=&numberOfGuest=0&missingChildAges=false&travellerType=1&showReviewSubmissionEntry=false&currencyCode=THB&isFreeOccSearch=false&flightSearchCriteria=[object Object]&tspTypes=2&los=10&searchrequestid=105164b7-061d-4f25-a288-5ca941fdebed
Oak Hotel Edo,"฿2,407",8.7,Excellent,"5,768",9,8.5,9.1,9.2,8.9,"2-17-7 Morishita, Koto-Ku, Tokyo 135-0004, Koto, Tokyo, Japan, 135-0004",https://www.agoda.com/oak-hotel-edo/hotel/tokyo-jp.html?countryId=3&finalPriceView=1&isShowMobileAppPrice=false&cid=1919571&numberOfBedrooms=&familyMode=false&adults=2&children=0&rooms=1&maxRooms=0&checkIn=2025-12-10&isCalendarCallout=false&childAges=&numberOfGuest=0&missingChildAges=false&travellerType=1&showReviewSubmissionEntry=false&currencyCode=THB&isFreeOccSearch=false&flightSearchCriteria=[object Object]&tspTypes=1&los=10&searchrequestid=105164b7-061d-4f25-a288-5ca941fdebed
MIMARU Tokyo Ikebukuro,Sold Out/Check Dates,8.9,Excellent,"4,858",9.2,8.9,8.7,9.2,9.1,"2-61-1,Ikebukuro,Toshima-ku,Tokyo, Toshima, Tokyo, Japan, 171-0014",https://www.agoda.com/mimaru-h35239869/hotel/tokyo-jp.html?countryId=3&finalPriceView=1&isShowMobileAppPrice=false&cid=1919571&numberOfBedrooms=&familyMode=false&adults=2&children=0&rooms=1&maxRooms=0&checkIn=2025-12-10&isCalendarCallout=false&childAges=&numberOfGuest=0&missingChildAges=false&travellerType=1&showReviewSubmissionEntry=false&currencyCode=THB&isFreeOccSearch=false&flightSearchCriteria=[object Object]&los=10&searchrequestid=105164b7-061d-4f25-a288-5ca941fdebed
Hotel Livemax Shinjuku-Kabukicho,"฿3,123",7.1,Very good,"6,554",6.8,6.8,7.7,7.1,7.1,"kabukicho 2-33-3, Shinjuku, Tokyo, Japan, 160 0021",https://www.agoda.com/hotel-livemax-shinjuku-kabukicho-h10291770/hotel/tokyo-jp.html?countryId=3&finalPriceView=1&isShowMobileAppPrice=false&cid=1919571&numberOfBedrooms=&familyMode=false&adults=2&children=0&rooms=1&maxRooms=0&checkIn=2025-12-10&isCalendarCallout=false&childAges=&numberOfGuest=0&missingChildAges=false&travellerType=1&showReviewSubmissionEntry=false&currencyCode=THB&isFreeOccSearch=false&flightSearchCriteria=[object Object]&tspTypes=9&los=10&searchrequestid=34b111cb-3d27-4ac7-9142-e67c307de22f
Hilton Tokyo,"฿12,179",8.6,Excellent,"3,740",9,8.6,8.4,8.9,8.1,"Tokyo-to, Shinjuku-ku, Nishishinjuku 6-6-2, Japan, Shinjuku, Tokyo, Japan, 160-0023",https://www.agoda.com/hilton-tokyo-h64264/hotel/tokyo-jp.html?countryId=3&finalPriceView=1&isShowMobileAppPrice=false&cid=1919571&numberOfBedrooms=&familyMode=false&adults=2&children=0&rooms=1&maxRooms=0&checkIn=2025-12-10&isCalendarCallout=false&childAges=&numberOfGuest=0&missingChildAges=false&travellerType=1&showReviewSubmissionEntry=false&currencyCode=THB&isFreeOccSearch=false&flightSearchCriteria=[object Object]&los=10&searchrequestid=13bbc6be-bec4-4250-997b-f5302af5b155
Sotetsu Fresa Inn Tokyo-Roppongi,"฿4,049",8.5,Excellent,"8,257",8.8,8.3,9.1,8.8,8.5,"3-10-1 Roppongi, Minato, Roppongi, Tokyo, Japan, 106-0032",https://www.agoda.com/sotetsu-fresa-inn-tokyo-roppongi/hotel/tokyo-jp.html?countryId=3&finalPriceView=1&isShowMobileAppPrice=false&cid=1919571&numberOfBedrooms=&familyMode=false&adults=2&children=0&rooms=1&maxRooms=0&checkIn=2025-12-10&isCalendarCallout=false&childAges=&numberOfGuest=0&missingChildAges=false&travellerType=1&showReviewSubmissionEntry=false&currencyCode=THB&isFreeOccSearch=false&flightSearchCriteria=[object Object]&tspTypes=2&los=10&searchrequestid=105164b7-061d-4f25-a288-5ca941fdebed
Shinjuku Prince Hotel,"฿6,710",8.3,Excellent,"17,472",8.3,8,9.2,8.6,8,"1-30-1 Kabuki-cho, Shinjuku-ku, Shinjuku, Tokyo, Japan, 160-8487",https://www.agoda.com/shinjuku-prince-hotel/hotel/tokyo-jp.html?countryId=3&finalPriceView=1&isShowMobileAppPrice=false&cid=1919571&numberOfBedrooms=&familyMode=false&adults=2&children=0&rooms=1&maxRooms=0&checkIn=2025-12-10&isCalendarCallout=false&childAges=&numberOfGuest=0&missingChildAges=false&travellerType=1&showReviewSubmissionEntry=false&currencyCode=THB&isFreeOccSearch=false&flightSearchCriteria=[object Object]&los=10&searchrequestid=06a2b4d4-bc16-445a-8518-067fb414f68d
APA Hotel Nagatacho Hanzomon Ekimae,"฿3,159",8.1,Excellent,"6,969",8.3,8,7.9,8.4,8.1,"1-3-5,Hirakawacho,Chiyoda-ku, Akasaka, Tokyo, Japan, 102-0093",https://www.agoda.com/apa-hotel-nagatacho-hanzomon-ekimae/hotel/tokyo-jp.html?countryId=3&finalPriceView=1&isShowMobileAppPrice=false&cid=1919571&numberOfBedrooms=&familyMode=false&adults=2&children=0&rooms=1&maxRooms=0&checkIn=2025-12-10&isCalendarCallout=false&childAges=&numberOfGuest=0&missingChildAges=false&travellerType=1&showReviewSubmissionEntry=false&currencyCode=THB&isFreeOccSearch=false&flightSearchCriteria=[object Object]&los=10&searchrequestid=105164b7-061d-4f25-a288-5ca941fdebed
Smile Hotel Shinagawa Sengakuji Ekimae,"฿3,067",8.6,Excellent,"4,818",9.1,8.5,8.5,9.1,8.8,"Mita, Shinagawa, Tokyo, Japan, 108-0073",https://www.agoda.com/h35137718/hotel/tokyo-jp.html?countryId=3&finalPriceView=1&isShowMobileAppPrice=false&cid=1919571&numberOfBedrooms=&familyMode=false&adults=2&children=0&rooms=1&maxRooms=0&checkIn=2025-12-10&isCalendarCallout=false&childAges=&numberOfGuest=0&missingChildAges=false&travellerType=1&showReviewSubmissionEntry=false&currencyCode=THB&isFreeOccSearch=false&flightSearchCriteria=[object Object]&tspTypes=9&los=10&searchrequestid=06a2b4d4-bc16-445a-8518-067fb414f68d
Richmond Hotel Premier Asakusa International,"฿5,335",9.0,Exceptional,"15,782",9.2,8.9,9.1,9.2,8.9,"2-6-7 Asakusa, Taito-ku, Asakusa, Tokyo, Japan, 111-0032",https://www.agoda.com/richmond-hotel-premier-asakusa-international/hotel/tokyo-jp.html?countryId=3&finalPriceView=1&isShowMobileAppPrice=false&cid=1919571&numberOfBedrooms=&familyMode=false&adults=2&children=0&rooms=1&maxRooms=0&checkIn=2025-12-10&isCalendarCallout=false&childAges=&numberOfGuest=0&missingChildAges=false&travellerType=1&showReviewSubmissionEntry=false&currencyCode=THB&isFreeOccSearch=false&flightSearchCriteria=[object Object]&tspTypes=9&los=10&searchrequestid=06a2b4d4-bc16-445a-8518-067fb414f68d
Hotel Crown Hills Ueno Premier,Sold Out/Check Dates,8.2,Excellent,"4,052",8.3,8,9.2,8.4,8.4,"110-0015 Tokyo-to, Taito-ku,Higashi-Ueno, Ueno, Tokyo, Japan, 110-0015",https://www.agoda.com/hotel-crown-hills-ueno-premier/hotel/tokyo-jp.html?countryId=3&finalPriceView=1&isShowMobileAppPrice=false&cid=1919571&numberOfBedrooms=&familyMode=false&adults=2&children=0&rooms=1&maxRooms=0&checkIn=2025-12-10&isCalendarCallout=false&childAges=&numberOfGuest=0&missingChildAges=false&travellerType=1&showReviewSubmissionEntry=false&currencyCode=THB&isFreeOccSearch=false&flightSearchCriteria=[object Object]&los=10&searchrequestid=34b111cb-3d27-4ac7-9142-e67c307de22f
APA Hotel Tokyo Itabashi Ekimae,"฿2,790",7.8,Very good,"5,003",8.1,7.7,8.4,8.3,8,"4-47-1, Kami-Ikebukuro, Toshima-ku, Toshima, Tokyo, Japan, 170-0012",https://www.agoda.com/apa-hotel-tokyo-itabashi-ekimae/hotel/tokyo-jp.html?countryId=3&finalPriceView=1&isShowMobileAppPrice=false&cid=1919571&numberOfBedrooms=&familyMode=false&adults=2&children=0&rooms=1&maxRooms=0&checkIn=2025-12-10&isCalendarCallout=false&childAges=&numberOfGuest=0&missingChildAges=false&travellerType=1&showReviewSubmissionEntry=false&currencyCode=THB&isFreeOccSearch=false&flightSearchCriteria=[object Object]&tspTypes=9&los=10&searchrequestid=06a2b4d4-bc16-445a-8518-067fb414f68d
Sotetsu Fresa Inn Tokyo-Roppongi,"฿4,049",8.5,Excellent,"8,257",8.8,8.3,9.1,8.8,8.5,"3-10-1 Roppongi, Minato, Roppongi, Tokyo, Japan, 106-0032",https://www.agoda.com/sotetsu-fresa-inn-tokyo-roppongi/hotel/tokyo-jp.html?countryId=3&finalPriceView=1&isShowMobileAppPrice=false&cid=1919571&numberOfBedrooms=&familyMode=false&adults=2&children=0&rooms=1&maxRooms=0&checkIn=2025-12-10&isCalendarCallout=false&childAges=&numberOfGuest=0&missingChildAges=false&travellerType=1&showReviewSubmissionEntry=false&currencyCode=THB&isFreeOccSearch=false&flightSearchCriteria=[object Object]&tspTypes=2&los=10&searchrequestid=06a2b4d4-bc16-445a-8518-067fb414f68d
Smile Hotel Tokyo Shinkoiwa,"฿2,679",7.9,Very good,"3,980",7.9,7.6,8.2,8.5,8,"1-1-3 Higashishinkoiwa, Katsushika-ku, Katsushika, Tokyo, Japan, 124-0023",https://www.agoda.com/smile-hotel-tokyo-shinkoiwa/hotel/tokyo-jp.html?countryId=3&finalPriceView=1&isShowMobileAppPrice=false&cid=1919571&numberOfBedrooms=&familyMode=false&adults=2&children=0&rooms=1&maxRooms=0&checkIn=2025-12-10&isCalendarCallout=false&childAges=&numberOfGuest=0&missingChildAges=false&travellerType=1&showReviewSubmissionEntry=false&currencyCode=THB&isFreeOccSearch=false&flightSearchCriteria=[object Object]&tspTypes=9&los=10&searchrequestid=105164b7-061d-4f25-a288-5ca941fdebed
Sakura Hotel Nippori,"฿3,284",8.4,Excellent,"4,185",8.5,8.1,8.5,9.1,8.7,"3-43-15 Sendagi, Bunkyo-ku, Ueno, Tokyo, Japan, 113-0022",https://www.agoda.com/sakura-hotel-nippori/hotel/tokyo-jp.html?countryId=3&finalPriceView=1&isShowMobileAppPrice=false&cid=1919571&numberOfBedrooms=&familyMode=false&adults=2&children=0&rooms=1&maxRooms=0&checkIn=2025-12-10&isCalendarCallout=false&childAges=&numberOfGuest=0&missingChildAges=false&travellerType=1&showReviewSubmissionEntry=false&currencyCode=THB&isFreeOccSearch=false&flightSearchCriteria=[object Object]&los=10&searchrequestid=bf63bf3c-e269-4caf-b2ed-f65196feddeb
APA Hotel&Resort Ryogoku Ekimae Tower,"฿3,207",8.4,Excellent,"19,849",N/A,N/A,N/A,N/A,N/A,"1-1-10, Yokoami, Sumida Ku, Ryōgoku, Tokyo, Japan, 130-0015",https://www.agoda.com/apa-hotel-resort-ryogoku-ekimae-tower-h7482852/hotel/tokyo-jp.html?countryId=3&finalPriceView=1&isShowMobileAppPrice=false&cid=1919571&numberOfBedrooms=&familyMode=false&adults=2&children=0&rooms=1&maxRooms=0&checkIn=2025-12-10&isCalendarCallout=false&childAges=&numberOfGuest=0&missingChildAges=false&travellerType=1&showReviewSubmissionEntry=false&currencyCode=THB&isFreeOccSearch=false&flightSearchCriteria=[object Object]&tspTypes=8&los=10&searchrequestid=34b111cb-3d27-4ac7-9142-e67c307de22f
9h nine hours Hamamatsucho,"฿1,391",8.4,Excellent,"10,862",8.6,8.1,9.1,8.5,8.4,"1-25-20 Hamamatsucho, Minato-ku, Shinbashi, Tokyo, Japan, 105-0013",https://www.agoda.com/nine-hours-hamamatsucho/hotel/tokyo-jp.html?countryId=3&finalPriceView=1&isShowMobileAppPrice=false&cid=1919571&numberOfBedrooms=&familyMode=false&adults=2&children=0&rooms=1&maxRooms=0&checkIn=2025-12-10&isCalendarCallout=false&childAges=&numberOfGuest=0&missingChildAges=false&travellerType=1&showReviewSubmissionEntry=false&currencyCode=THB&isFreeOccSearch=false&flightSearchCriteria=[object Object]&los=10&searchrequestid=105164b7-061d-4f25-a288-5ca941fdebed
APA Hotel Ginza Kyobashi Manami Tokyo Station Yaesu South Gate,"฿4,025",7.9,Very good,"2,190",8.3,7.6,8,8.4,7.9,"3-11-2 Kyobashi, Chuo-Ku, Ginza, Tokyo, Japan, 104-0031",https://www.agoda.com/apa-hotel-ginza-takaracho-tokyo-station-yaesu-south-gate-h529158/hotel/tokyo-jp.html?countryId=3&finalPriceView=1&isShowMobileAppPrice=false&cid=1919571&numberOfBedrooms=&familyMode=false&adults=2&children=0&rooms=1&maxRooms=0&checkIn=2025-12-10&isCalendarCallout=false&childAges=&numberOfGuest=0&missingChildAges=false&travellerType=1&showReviewSubmissionEntry=false&currencyCode=THB&isFreeOccSearch=false&flightSearchCriteria=[object Object]&los=10&searchrequestid=06a2b4d4-bc16-445a-8518-067fb414f68d
Shinjuku Prince Hotel,"฿6,710",8.3,Excellent,"17,472",8.3,8,9.2,8.6,8,"1-30-1 Kabuki-cho, Shinjuku-ku, Shinjuku, Tokyo, Japan, 160-8487",https://www.agoda.com/shinjuku-prince-hotel/hotel/tokyo-jp.html?countryId=3&finalPriceView=1&isShowMobileAppPrice=false&cid=1919571&numberOfBedrooms=&familyMode=false&adults=2&children=0&rooms=1&maxRooms=0&checkIn=2025-12-10&isCalendarCallout=false&childAges=&numberOfGuest=0&missingChildAges=false&travellerType=1&showReviewSubmissionEntry=false&currencyCode=THB&isFreeOccSearch=false&flightSearchCriteria=[object Object]&los=10&searchrequestid=105164b7-061d-4f25-a288-5ca941fdebed
Shinjuku Washington Hotel - Main Building,Sold Out/Check Dates,8.0,Excellent,"44,161",8.2,8,8,8.3,7.8,"3-2-9 Nishi-Shinjuku, Shinjuku-ku , Shinjuku, Tokyo, Japan, 160-8336",https://www.agoda.com/shinjuku-washington-hotel-main-building/hotel/tokyo-jp.html?countryId=3&finalPriceView=1&isShowMobileAppPrice=false&cid=1919571&numberOfBedrooms=&familyMode=false&adults=2&children=0&rooms=1&maxRooms=0&checkIn=2025-12-10&isCalendarCallout=false&childAges=&numberOfGuest=0&missingChildAges=false&travellerType=1&showReviewSubmissionEntry=false&currencyCode=THB&isFreeOccSearch=false&flightSearchCriteria=[object Object]&los=10&searchrequestid=105164b7-061d-4f25-a288-5ca941fdebed
APA Hotel Hatchobori-Eki-Minami,"฿3,434",8.0,Excellent,"3,136",8.3,7.7,8.1,8.3,7.9,"1-14-7, Shintomi, Chuo-ku, Ginza, Tokyo, Japan, 104-0041",https://www.agoda.com/apa-hotel-hatchobori-eki-minami/hotel/tokyo-jp.html?countryId=3&finalPriceView=1&isShowMobileAppPrice=false&cid=1919571&numberOfBedrooms=&familyMode=false&adults=2&children=0&rooms=1&maxRooms=0&checkIn=2025-12-10&isCalendarCallout=false&childAges=&numberOfGuest=0&missingChildAges=false&travellerType=1&showReviewSubmissionEntry=false&currencyCode=THB&isFreeOccSearch=false&flightSearchCriteria=[object Object]&los=10&searchrequestid=06a2b4d4-bc16-445a-8518-067fb414f68d
GINZA HOTEL by GRANBELL,"฿9,818",8.3,Excellent,"3,714",8.8,8.2,8.9,8.7,8.1,"chuoku ginza 7-2-18, Ginza, Tokyo, Japan, 104-0061",https://www.agoda.com/ginza-hotel-by-granbell/hotel/tokyo-jp.html?countryId=3&finalPriceView=1&isShowMobileAppPrice=false&cid=1919571&numberOfBedrooms=&familyMode=false&adults=2&children=0&rooms=1&maxRooms=0&checkIn=2025-12-10&isCalendarCallout=false&childAges=&numberOfGuest=0&missingChildAges=false&travellerType=1&showReviewSubmissionEntry=false&currencyCode=THB&isFreeOccSearch=false&flightSearchCriteria=[object Object]&los=10&searchrequestid=105164b7-061d-4f25-a288-5ca941fdebed
Centurion Hotel Ikebukuro Station,"฿4,503",8.3,Excellent,"8,427",8.4,7.9,9.1,8.5,8.2,"1-8-9 Higashi Ikebukuro, Toshima-ku, Toshima, Tokyo, Japan, 1700013",https://www.agoda.com/centurion-hotel-ikebukuro-station/hotel/tokyo-jp.html?countryId=3&finalPriceView=1&isShowMobileAppPrice=false&cid=1919571&numberOfBedrooms=&familyMode=false&adults=2&children=0&rooms=1&maxRooms=0&checkIn=2025-12-10&isCalendarCallout=false&childAges=&numberOfGuest=0&missingChildAges=false&travellerType=1&showReviewSubmissionEntry=false&currencyCode=THB&isFreeOccSearch=false&flightSearchCriteria=[object Object]&tspTypes=2&los=10&searchrequestid=06a2b4d4-bc16-445a-8518-067fb414f68d
Mikami Asakusabashi Hotel,"฿1,481",8.6,Excellent,"1,370",8.8,8.5,9.1,8.3,8.9,"1-chōme-10-10 Asakusabashi, Taito City, Akihabara, Tokyo, Japan, 111-0053",https://www.agoda.com/mikami-asakusabashi-hotel/hotel/tokyo-jp.html?countryId=3&finalPriceView=1&isShowMobileAppPrice=false&cid=1919571&numberOfBedrooms=&familyMode=false&adults=2&children=0&rooms=1&maxRooms=0&checkIn=2025-12-10&isCalendarCallout=false&childAges=&numberOfGuest=0&missingChildAges=false&travellerType=1&showReviewSubmissionEntry=false&currencyCode=THB&isFreeOccSearch=false&flightSearchCriteria=[object Object]&tspTypes=6&los=10&searchrequestid=105164b7-061d-4f25-a288-5ca941fdebed
Hotel Villa Fontaine Tokyo-Hatchobori,"฿5,119",8.4,Excellent,"7,635",8.8,8.2,8.3,8.8,8.5,"3-3-3 Nihonbashi-Kayabacho, Cjuo-ku, Tokyo Station, Tokyo, Japan, 103-0025",https://www.agoda.com/hotel-villa-fontaine-tokyo-hatchobori/hotel/tokyo-jp.html?countryId=3&finalPriceView=1&isShowMobileAppPrice=false&cid=1919571&numberOfBedrooms=&familyMode=false&adults=2&children=0&rooms=1&maxRooms=0&checkIn=2025-12-10&isCalendarCallout=false&childAges=&numberOfGuest=0&missingChildAges=false&travellerType=1&showReviewSubmissionEntry=false&currencyCode=THB&isFreeOccSearch=false&flightSearchCriteria=[object Object]&los=10&searchrequestid=105164b7-061d-4f25-a288-5ca941fdebed
FLEXSTAY INN Tokiwadai,"฿1,736",7.3,Very good,"1,163",6.9,6.8,7.1,7.8,7.5,"1-52-5 Tokiwadai, Itabashi-ku, Itabashi, Tokyo, Japan, 174-0071",https://www.agoda.com/flexstay-inn-tokiwadai/hotel/tokyo-jp.html?countryId=3&finalPriceView=1&isShowMobileAppPrice=false&cid=1919571&numberOfBedrooms=&familyMode=false&adults=2&children=0&rooms=1&maxRooms=0&checkIn=2025-12-10&isCalendarCallout=false&childAges=&numberOfGuest=0&missingChildAges=false&travellerType=1&showReviewSubmissionEntry=false&currencyCode=THB&isFreeOccSearch=false&flightSearchCriteria=[object Object]&los=10&searchrequestid=105164b7-061d-4f25-a288-5ca941fdebed
Hotel Livemax Asakusa Skyfront,"฿2,692",7.7,Very good,"2,585",7.4,7.2,8.5,8,7.7,"1-10-4 Narihira, Sumida-ku, Ryōgoku, Tokyo, Japan, 130-0002",https://www.agoda.com/hotel-livemax-asakusa-skyfront/hotel/tokyo-jp.html?countryId=3&finalPriceView=1&isShowMobileAppPrice=false&cid=1919571&numberOfBedrooms=&familyMode=false&adults=2&children=0&rooms=1&maxRooms=0&checkIn=2025-12-10&isCalendarCallout=false&childAges=&numberOfGuest=0&missingChildAges=false&travellerType=1&showReviewSubmissionEntry=false&currencyCode=THB&isFreeOccSearch=false&flightSearchCriteria=[object Object]&tspTypes=2&los=10&searchrequestid=06a2b4d4-bc16-445a-8518-067fb414f68d
APA Hotel Ueno Ekikita,"฿3,415",8.0,Excellent,"6,809",8.6,7.9,7.5,8.5,8.1,"7-12-11 Ueno, Taito-ku, Ueno, Tokyo, Japan, 110-0005",https://www.agoda.com/apa-hotel-ueno-ekikita/hotel/tokyo-jp.html?countryId=3&finalPriceView=1&isShowMobileAppPrice=false&cid=1919571&numberOfBedrooms=&familyMode=false&adults=2&children=0&rooms=1&maxRooms=0&checkIn=2025-12-10&isCalendarCallout=false&childAges=&numberOfGuest=0&missingChildAges=false&travellerType=1&showReviewSubmissionEntry=false&currencyCode=THB&isFreeOccSearch=false&flightSearchCriteria=[object Object]&los=10&searchrequestid=34b111cb-3d27-4ac7-9142-e67c307de22f
APA Hotel & Resort Roppongi Ekihigashi,"฿3,010",8.6,Excellent,"13,884",9,8.9,8.6,8.9,8.8,"3-18-6 Roppongi, Minato-ku, Roppongi, Tokyo, Japan, 106-0032",https://www.agoda.com/apa-hotel-resort-roppongi-ekihigashi/hotel/tokyo-jp.html?countryId=3&finalPriceView=1&isShowMobileAppPrice=false&cid=1919571&numberOfBedrooms=&familyMode=false&adults=2&children=0&rooms=1&maxRooms=0&checkIn=2025-12-10&isCalendarCallout=false&childAges=&numberOfGuest=0&missingChildAges=false&travellerType=1&showReviewSubmissionEntry=false&currencyCode=THB&isFreeOccSearch=false&flightSearchCriteria=[object Object]&los=10&searchrequestid=34b111cb-3d27-4ac7-9142-e67c307de22f
Centurion Hotel & Spa Ueno Station -Artificial Radium Hot Spring,"฿4,840",8.4,Excellent,"5,506",8.3,8.2,9.3,8.6,8.1,"6-8-16, Ueno, Taito-ku, Ueno, Tokyo, Japan, 110-0005",https://www.agoda.com/centurion-hotel-spa-ueno-station-artificial-radium-hot-spring/hotel/tokyo-jp.html?countryId=3&finalPriceView=1&isShowMobileAppPrice=false&cid=1919571&numberOfBedrooms=&familyMode=false&adults=2&children=0&rooms=1&maxRooms=0&checkIn=2025-12-10&isCalendarCallout=false&childAges=&numberOfGuest=0&missingChildAges=false&travellerType=1&showReviewSubmissionEntry=false&currencyCode=THB&isFreeOccSearch=false&flightSearchCriteria=[object Object]&los=10&searchrequestid=105164b7-061d-4f25-a288-5ca941fdebed
